Codigo,Montadora,Cilindradas,Imagem
1,Mitsubishi,1339,"data:image/png:base64.iVBORw0KGgoAAAANSUhEUgAAABAAAAAQCAYAAAAf8/9hAAAABGdBTUEAAK/INwWK6QAAABl0RVh0U29mdHdhcmUAQWRvYmUgSW1hZ2VSZWFkeXHJZTwAAAK5SURBVDjLjZBbSNNxHMVXDz3UQ0892AVSs4Q0shQRA5uzCFGL5Rxqc1u5mZpNnWNN533eaDr976blZeFllc7mMLMl6IOGqdOpS4vAPaRbb6FiQjpPm5QahvmFw5cfP87nezgkAKS9JI4+zp5Wey3Ot57AnMZ9rYnn0RAV6HHoz/+eZl74SYq12d2x0OaGnapL9azeF6CBeYxY6PSHrZeDH8OVsOmCsaA9BYva8/u+AKroo5V2cy8Wh1RYMz/D8nsV5id60F/sZ90XgBoew51pydxYmuyAY7YTKxY97AMEihKu6v4J4JK92Ep26CLBIEPFoqwl033HCGHqT7uOj69dhbAbcjFY+wAXOOd7AgQ+R/4CMIPPUJTsMEd1PBk71SjjQV4nQYUiF/lSAbo+tqCkvwi+eec0F/lnD28BZPRLg0+Sb6Gz4B5m2sRo5dNAMCioTQpDk1kM9bgQVaYMlJsy0f6pAen6NAQlB6i2AAq6Z/uXfu2uwrTZZMjGH6HCJEDxaDpyRlMg+pACtoqFOVXU/wurKI6GYkKEfMN9pKvjwK26ibjSUFAl12B7GrENOHi5RqQQpe0qzIeWBW5dDArb2ei2KGG2GSF7lwK6zBcMoffrTfOB4OeJVL5peeAbUPpSh9xGLQSEBvUjqxAo5hFfcn29a7oaXTMEXCPt40DWl4TAVLdVknt4LY3G614xzDogmQE4I0DCABDTDdC1ADEEROT4ocdSj51jmFK6ACBNSfzXxzrk4L+yg9kLMPUbiNdugKZxIFINRModuPLwNB4b76LMyNo0l71lbSew1oTYOkoyEJs3DK4RYL9xJtADDANwx5WifA6xvCjclnqj0pi4edm1XW8nQEr63JwU1FNEzQ6ktej900dBzptyahpk8SRCsk3wvPHCKs9KLEgQehuchiVX7N+73NXfL+Zkqi9OGtlWAAAAAElFTkSuQmCC"
2,Suzuki,2452,"data:image/png:base64.iVBORw0KGgoAAAANSUhEUgAAABAAAAAQCAYAAAAf8/9hAAAABGdBTUEAAK/INwWK6QAAABl0RVh0U29mdHdhcmUAQWRvYmUgSW1hZ2VSZWFkeXHJZTwAAALcSURBVDjLjZFpMNRxGMfVi17UNL3qRdcLRI2jiUgyHdp6ozIlco3Whm1c49gwmyNndGBtLB3uRdPuCrOtnWoPokGMs5WwMth1S9q/Y+PbzjaJqTFefOb34jffzzPP99EBoLMRUY57KZ3ZBrPDJfsgL9BV5wfp5dpb6W37879hOMhuP2mgWHd5pHQP1vLEX5+xKUEueTdzpNwCCqEPiIZUKHg2GCk7gK5s/ZlNCViOu1KVbULM1rOgbivE3AcWhlsFkCSYDWxK4GB3nSpjh658b+diubscqq4KKKVMxN84y/uvgGprQMminJtletiC5UlS+zqbNjMj/JeUPBqGKuOgrIpGXU4AjvgYCyzDTHasE5BtDpKyKOeXGe62WEteehC4pRFo5nshmUFD5Sc2kiTxMI05VHCUZrh9VZDubF731PcKymO9ICuNQgnNCUwPEp4HXECnmIypXg6E0ptIaQkF53MugisCYe1ryVoVZDrrc3olZf8UVpNzERPdbKh/9KGj8hrS6r1Bb/QDheUJOct+48JGxClo517FwgQfC4o0TPe/hqTKGeF8P7ilu0Hx7NJfwdZjGfRMeuC6wlrZLpjs4WJhKB61KcewNMVFax4JIY9OjYVRY2Pl+a7u2vAWmxfeDrSWOekocO8lD9F5ZWDkJGNAFInF8SIQfRTUJpthfjAC3+QCNGWelDVmnNipvYKuXY6TUxBfVdW9jEQZ4NMEUCRqVBf5YkZT3PzX21B9cflNr4dmFQYGa5iof2AeoxV0JFr8bOY+Bu2VEmQhQK5YwcPCcgzWpmFxNFs7XdXrrlnBXPsScj8QykrUJpiO1cQZG+kMZJxRcJNC4BrTAOobzfRqQJx5GcRkPxanRVgY13QwzlkDD+q5Lgw3sCGONOTo9BTfshbEO9yxcmJXWAR/hG1MB97ePw1J8nGIkywhijNbkcaZqKV3jRYl0YcJTYgQ0Q0IUYQ+8S5c7/0vfNrCXhlwpm0AAAAASUVORK5CYII="
3,Jeep,2435,"data:image/png:base64.iVBORw0KGgoAAAANSUhEUgAAABAAAAAQCAYAAAAf8/9hAAAABGdBTUEAAK/INwWK6QAAABl0RVh0U29mdHdhcmUAQWRvYmUgSW1hZ2VSZWFkeXHJZTwAAAHlSURBVDjLpVPLShxBFD3T3WOUUUGYByhkI+50o6Bmo3ErAVG3Qvb5giyThets8gmC+DYQzEaGBMUnBhQRJAEXQuZJ8Mlodz28t6rbGY2b4IXqU1XcOvfc01UxrTWeEx5/ptbOssQzILVylVKQChCMkucagrA6JKTQtK+uJyc6Gg2B0npwvLfJ+Z/KH2Z+J+4VEJs5nFh4B3BLUhCrBILAzv1bmvvAbWD2rt9nCSRqCCIfCFtTdFjYoUVIwgQ0BJEc5UxmIGoJuGkTMeBPiQ4qq4R8MEpkhJSSyZhMPyQA/4XP33L6qhLoKGbW8wZnNwoG5zftennLYum8ot9+2uWpVRBQBTISc5tFsBmu62BxqwjPBb7sFNFQ52DlZwnxOOFeAe3pevihB07UArvguTGMv0rDo92x/jQoHyO9aZM43J2y2GNbEEJVCVgBt80Hv+5RJdLFFR0nZpAjwqXtQmh3LQGxcT9xkvymJ/WwIiEridajfVZB4oVXJeBbx+FSxdX98oOK2YMyAoV/lER/zrP9COsB0Q11JfH9sIzXnUn8IBwkfBzHp+dUrOYtGA+ohc6Xjcj9raA904CT/BXaWupM8lOhwssXXiR98XH6V7NPRHzDeEjyJTCPRzxJcHZ5kzdX77nP+Q6ZHT+VaotBJwAAAABJRU5ErkJggg=="
4,Fiat,1314,"data:image/png:base64.iVBORw0KGgoAAAANSUhEUgAAABAAAAAQCAYAAAAf8/9hAAAABGdBTUEAAK/INwWK6QAAABl0RVh0U29mdHdhcmUAQWRvYmUgSW1hZ2VSZWFkeXHJZTwAAAH5SURBVDjLpZK/a5NhEMe/748kRqypmqQQgz/oUPUPECpCoEVwyNStIA6COFR33boIjg6mg4uL0k0EO1RFISKImkHQxlbQRAsx0dgKJm/e53nunnOwViR5leJnuZs+973jHBHB/+D/ah7X2LXWloilyMw5YgtD3CDiBWN4Zno8bQcJHBFBucauZfsolZDCru0OfFcAAUISrLZDfPzSKxuiibOT+T6JCwDMtrQzYQvZHQ5Cw2h3GK0OI9AWBzJJZFOxgtJUGpTABQAiLu5OOviuGIEWkBUwC7pasNZj7N2ThNJUjBQY4pznAoEWsBWwxU+JFXSVRTzmQWvKRR5RG4KVGMgKrAVYflexAAugDCEygdbUCI2F7zobk7FZY76DIDQgrT9HCwwt1FsBhhIu4p4D3kiS8B0MJz28ftfGSPfl8MPLxbGBAqVpptbslJc+fEPMA7JDPrIpH3FX8LzaROdrE5O51jalgid3Lh4b6/sDALh6971riErGcFET58gwDPGndG9JT6ReHcwfPorGygu8rdxvGxMeP3XtzcofgigWZ0/EtQ7n0/sOTe0/Mo7V5WeoVu61z1yvZzZX+BsnZx9opYLpevXp7eXKIrL5UWit0n0r/Isb50bjRGreiyWmgs76lfM31y5tSQAAc6czHjONXLi13thygih+AEq4N6GqMsuhAAAAAElFTkSuQmCC"
5,Peugeot,2737,"data:image/png:base64.iVBORw0KGgoAAAANSUhEUgAAABAAAAAQCAYAAAAf8/9hAAAABGdBTUEAAK/INwWK6QAAABl0RVh0U29mdHdhcmUAQWRvYmUgSW1hZ2VSZWFkeXHJZTwAAAKsSURBVDjLhZJfSFNxFMcHPUUP0aP0EoSEVEaY5QixFzMTRtLDCH1QqIbEKBCzTEyxPwotsbLUETSHmTUTm86mrk03N9eW253Oua2pW8OcS6Z3d7uzWd/uZi0qaQfOww/O93N+53wPCwDr7yyoJ0oqRG61oM9P3u3xkUUCQp3C7SnZqnZLsUDqXzK6wpjxrGPKHcHYDAVei3NpW86TkqSAcqZzTOz8vI4PLhp6ZxjmBRpycxAZZXJ1UkBjr4+c9myKJxw0NLYQlNMUxmcpFDZayaSAum4fScxHMGEPQx0XhzBMUBhlxsivI5IDCutNaqU1CNM8jRELhUFTrHsIL3Wr2J7XmXyEnQVdNUUCKz06E4LUSOK1fg1ygpmfPxpl7eI3/xdwmK/j8oUum/jtHERDC2iQeHHrhQePemfR2mNBToV6hZVyu2ZLwH6e4tClNqdVwyzL5o3AOEfD8DEMLfN96ZtevOuqhk7WAKXkJoRVJ+1VnPTcPwDZFTqhbHINVg/N+B6C0RUD0Bjol8KqbYduahEq8wqGDH7I9XY8rT0VOp994EQCUNpkd4zbg1BaSIxZKbxnuusdYfQ/vYIxsxerwa+4U1mNWCwGIuge1OAa56AqAeAL3bTBEYJ42AcV47uOsTG2fZnoKmSG5bjwFyC6sYEOlRvNl9mrCQCvxRXR2kPoVCxDYQlu3sAUhVcPStGtWcT3n4BYfmMeDwdmcY+XGUgAcq+bXGKlH31afxygYm5BbiZxv/wcOmUqfApE45BYzH+J4nHHM5SxUxW/7Tgmzd/B1beWNdsxwgjHbRSzTBIdXQo08dkQSSR4PkRAPDCJdlEbqjhpgTOZaex/Dmk3d3gpg2/w5t0gAjmVRDT1gi6653Rr8OzxPLq2+OhGfXF64GLWXjnnyL6sWP0PKd/8SStdk8YAAAAASUVORK5CYII="
6,BMW,2429,"data:image/png:base64.iVBORw0KGgoAAAANSUhEUgAAABAAAAAQCAYAAAAf8/9hAAAABGdBTUEAAK/INwWK6QAAABl0RVh0U29mdHdhcmUAQWRvYmUgSW1hZ2VSZWFkeXHJZTwAAAFZSURBVDjL3ZM9S0JhGIbPH/APBEFQ7Q32gS0tlQ21iDVYJ/qAooaGliYRtKBBimrIwKSkooTGaiitFnvJjzLLPGXZCfVVRMWPo6ZwNzaZmlvDtT1cw831MACYWmD+gYAQglpgCCEoFot/glL6IygrKnwhYl1B6HwWcbepekHUbkCUzKGQIqCWCcQ5S+WC2MMRIlcsCgkjEm4VolYl3vaH4LkwViYImReQjx0iF1QiR7eQuFdC4FXg9H2VjRi5WUfatwzBP4MsPw/hfRQCJ4dD0wWGUopSBDzX4E+nETBPIullIbwMIOtTIPMsh0Mtxt3JbulAuM2WYd+2xCHwOmReZRC8PbCttqed6lbq0rTRA7ZB9muJHyapMxfcQdLVAeGpF/aNzoxO0Th+JqsTXbL1orIpfx5LST68hIy3H7Y1SUo/1jRS1S8QrXjx0dAdvtVK/HtTzYOl7r4BQSM7uFIKnq0AAAAASUVORK5CYII="
7,Peugeot,2623,"data:image/png:base64.iVBORw0KGgoAAAANSUhEUgAAABAAAAAQCAYAAAAf8/9hAAAABGdBTUEAAK/INwWK6QAAABl0RVh0U29mdHdhcmUAQWRvYmUgSW1hZ2VSZWFkeXHJZTwAAAHMSURBVDjLxVNNSxtRFD0jEYqgBCMU00bEWFsqSNoi1EU2WiiluHEluuumfyH0B3RbuvQHCIpbaaFSxZULQYMUAklJCQZDjUTyMfl48z5675t0AgqCuPDC5dw3M+/c8+6Z5xhjcJfowx0j9L/IZrMfPc/7QtmhaLbb7Xqr1SpTppvN5jlhlTBHuZNKpeQ1AvrgK20EZSqZTK7dWkGj0einrt+JaPM2R3D28/KU8LGb2wMRIPz8LZTSkDYVPKkgPQVB6Hm8lhaFXxeZwDwM1QNGdoWN0Zza2LUi5JqfKa1tTfzYz1R6LkxGB1E8d/Hk0RAKf+t4FhtC/qyG6fEwcsUqEpPDyBQuMft0xD5jhUJIOHu/BSlooFh2LTO/4I6SuwRHMQEm4hG8nIpg97iEnydl9EnpS5p/MYo3r6J0Vo33r2PoCIWl5DjaQmNlIU5rjQ/vpuxmDibkeTjffrkm+qCFP6UapOTOva6swAuQlKmespmJCHbSJYTslKnr4twYNnbzWJ6fuNG2z+tpfFpNYPvg1DZytg4rJjYgoLpT11rbCQdoug5YF8gVdkr7+OPoDKGOkBcZ14xc8devu/+AVamUP2BKTdm9ghfOvd/Gf3hhfpp0UP3EAAAAAElFTkSuQmCC"
8,Mitsubishi,1717,"data:image/png:base64.iVBORw0KGgoAAAANSUhEUgAAABAAAAAQCAYAAAAf8/9hAAAABGdBTUEAAK/INwWK6QAAABl0RVh0U29mdHdhcmUAQWRvYmUgSW1hZ2VSZWFkeXHJZTwAAAK4SURBVDjLlZJdTJJxFMZp6C2bd+bWhTXXReuirbtuWuZFMyt1iX04bWlfNmlqoqCCfDZSS1ABwUQ0NSQVVD5ETcCVqLS6yK8EslpttdlFoS6Vp//7urVaLuvdzs357/c8zznvYQBg7FR3vbKwfEzE2u5tR1jhkYR1/kZIR4WodJax/kvgjlscbvLXw/62H5opFcrtXBRbb7H+SYBEDmunKdgK02IbbG/6oHxajSJLAfK7r7D+KiB7UhXWTKtgX7Lg0es2GOd04A4UYSDUi2qvHNdNebjUnsXaVkA6Kgirp5SwEVjhlULqFsIwq0XLrAYP51tgDZlR5arARUPmyh8C4pHKlcbJOhLXgsDXeaxtrKLzRTskY5VbcNAMoYuP8y0Z67+NoPLVJoiGK743+O7Tsyo8UhpWexoQWg5A7hHBEuyGYIhPOSOr9RzY+vQoWkDlq6kQkUj1E/douGvBSGILaGcKFjuEW7CTRzlj4uM4yh2lSNOektACVCTVRC0GyYI6F1rpWR/MqCEmseVuEfoC3ahwlkElS4Q7ex+GE6MxxI6FuPAATiiTYhiSEYGBFPTP1egPPUZxPwfNrxrRNtdMYBPt1lSdjJclR7A6WIPIjAPhrkJM5h/cbE2PUTAko4LdVArqSNRTdXRc46x+Cya9PHMOHJlxWCEwlCkANwaQxeOz4iicx5lBeok8222dwa9HkZUD5bMa9C6awLeV4KwuFXwiMnwsChF/D379vghiqX6EFii2cvZXuco3XEE7bpqvgggiVXMqQjbtSNee5jmTmO++NV8GCLRWwsAyqaVrTJD+e1qgoOdGNLmu3ryOnE1OTz7OqE+uZ+jTDpNN76Xevew4oS83Yf0DNx6fyqIRyN2FkZSoDUcSk/fziHI7cg5lGy9Mk1+VvN15j7P3lBLHEBWbSkTBVP8HrJC/O3IOxUMAAAAASUVORK5CYII="
9,Peugeot,1900,"data:image/png:base64.iVBORw0KGgoAAAANSUhEUgAAABAAAAAQCAYAAAAf8/9hAAAABGdBTUEAAK/INwWK6QAAABl0RVh0U29mdHdhcmUAQWRvYmUgSW1hZ2VSZWFkeXHJZTwAAADzSURBVDjLxZMxTsRAEATL6EROSsDD+A4xv+EzJCQEiA9ccjtdBF7ba9nZBWw00k63qmd2J5V7zgN3nstSvH/8rChRBKoAwYQIlbmuwNvry7QzAHh+ekTEgICRCA4mCXz9Xo8EpWgXBFS003SjRBKp20mEqhkRJenCpc7e5FY5GliZG4UkGLogq3AxbO3EoAVSkt40Ny91NhIhzaNBWqi45nTIbI+0kLQzg9agKmv+vclGpNByFqGKqkufehfaVzkMUKXqlGC+WHED6dnHddpndUJgn8F+4iP68k4G/UgQPr+va+YkWBIgtT1vE8bvN/37b/wDV/Vlq22fLE8AAAAASUVORK5CYII="
10,Jeep,1523,"data:image/png:base64.iVBORw0KGgoAAAANSUhEUgAAABAAAAAQCAYAAAAf8/9hAAAABGdBTUEAAK/INwWK6QAAABl0RVh0U29mdHdhcmUAQWRvYmUgSW1hZ2VSZWFkeXHJZTwAAANhSURBVDjLfdPfT5V1AMfx93N+8GPnOYSHhMM5KCEcE5eA0ZAxGm2Uc3O12VV10cZFXhTe4HBu5eyiNVaRcxY012xjtS5QsezHpnPNMlQaRNAhwKNUIiLE4eA5z/P9Pt9znufpwtz0pvcf8Nrn5qO5rsv9jky+rVs51SWV2iWVaJLKQlpyREj1vVfteLfYfSn/w5ejJg+k3Qd6Jw63WVn12ZPFrVVeXwFZzaa0cD3X5qc4Hf+yP6p9MqmyuW6l7I5P91ZffAh4/7dDezb6a06XBCLcUiuMZ6bwuh5a9O18ceV4sjC3pymoPTvSVKOH4n/e5a/bmRcHD9QNAXjeGz8UkkoOlOobGcvM8mPqMqnsGjWFldxZvIlhiLcCbvv+zaUFobJ1BcTKdYRQAzsPDocAPKYluhqL2/SEmGfKnMHMSdZ7Q+jSz5mJk+NR77GrUmT31mwIML0gCRXlE6sI6tIUXf8Bxm6vP5/JzDQqZ1Hk0akr2sLI7M+ItNyXtXxHGzYFvSrrML+imF20CJcEkELuBvCZQm61tBweNBr0J3gsP8rfNxKMJkZPVAUHIkJYjdGSQi7PmpiGjXHXpjbqx5KiCsBnCFOUFTya1xp8ijsLN+kf601ahjp6ePX5vpm1Ud+5wOOJpVW5zYeGaTi4joOlfCghvfcWmGLulz+GG87+PrRsCavnwO2KwfZk4FXXjM88bY4+c3ZrN9KyMU0XYdiUrPNzaymDskTiHmCIz7+aONV/ZD727eY1b5driqnspg26NnsdJ51BCIEpbXLiAuGiiyiZYtkQlEUCa/AavqFEwwnXFD2uKY5lqyvzstWVOLaNb2wSDAPLtFhNfUc4PEJjbRMVoRg/xM/g6j+1NXdGPvC4GcPnpDOvWDsa81SsCjEzjWMInIyBbQgsaZJMfU3Dlnpsj019+XPYWpbmbS0Ab3j8H/ctO2mjQ7s6CvFp/OFyHGFiC4EtJEpIkulF/JrOC7X7ANjffpzq0jqAAg9A4anBk+7MjZ3eb87PceESTmIO25TY0sJSgn9SK058YZie8x0A9Jzr4PrSBIDUHnzjam29bluq21Vql6OyTW4uVxdOLkw2d0beqah65M2WulZi4e1cW/yV4YlLzM+t9T4E/F/NnZEe4HUgCKSBvisfLRz8F8J11bR5XdMKAAAAAElFTkSuQmCC"
11,Jeep,2592,"data:image/png:base64.iVBORw0KGgoAAAANSUhEUgAAABAAAAAQCAYAAAAf8/9hAAAABGdBTUEAAK/INwWK6QAAABl0RVh0U29mdHdhcmUAQWRvYmUgSW1hZ2VSZWFkeXHJZTwAAAJcSURBVDjLjZPfS5NRHMYHQn9AIeRd0za9KEMi7U4oiIZRVFSUVJvbHEyo1GXrB8XsYpDWwjKardKZ3WjKa+p0iTo1jVgs1kusWKQ3XYwhw/3+xdP7fWXvfHEXHng4nIvn+X7OczgSABKPx3N8vkODGaMCTlUFJBJJ9Ta1h8yVbrc78nV5Ed+WXZi8Wo5MJrMt8SFGo3EHwzDKKbMOn3t0mLxSjng8LlI0GkUkEhG0vr6OdDq9ESAmmIOjXr4lIBeSUzgcRiqVEhM4HuqwaG2E46IciUSC152BVRj7V3GLU5t9BW29KzBwIgohQCBY2iAYPy9HMpnkReb+uQDsnPpmA+idCaD5zV8+gKhEBOPtjVh4ocXYORmfTto8tZUzttj8uP7Kz3cQi8WyBQlGz8j4giggdxUSTaS7kzkUCmFtbS3CBRzMEzzQYv65BqOn9wrm1rcraH79B9d6/Giy/ob+5S/on7EIBAIIBoMFOliaA3OyjA+gDnKTOVxMfBnCTasSjU9OQfVIAcv7dhQVFR0WCD7e08DVpcZIXZlQIonMH1x2mAZVGGO78f2fE5ZPelyw7MeB+uJ3IgI3RzCsKBVKJAJqvIGbyPx4CuZnF2h1TmthmdahRl+SzBPcVmPWosLwsXwATafiTtytwgRrw+Y16u1GTVMJthAMHZUim83yL5EjqL1Rig5nA8xOJW82TynFBAaDQTpQtw8jlw9h8IgUfr8fPp8PLMvC6/XCZGvB2c4KPHZq+Mm005nvgL4zSSnbWXu/ardJLd+lKfR1Ky8V91XrS6KETTud6Tv/BxVpxDzfgUo/AAAAAElFTkSuQmCC"
12,Honda,1048,"data:image/png:base64.iVBORw0KGgoAAAANSUhEUgAAABAAAAAQCAYAAAAf8/9hAAAABGdBTUEAAK/INwWK6QAAABl0RVh0U29mdHdhcmUAQWRvYmUgSW1hZ2VSZWFkeXHJZTwAAAKBSURBVDjLhZJdSFNhHMZfkQLxIhKKJPWum6KkpIxAh9KQIWTrZhfe2EWIxK5CIgJBTEphhJBkCYGI9EFLZFAtlTnnNudm80yP82xO3RzqcZp5ds7OhuTTeyYsMmkvPHfv83v+XwQAOazaNqahuS9sMwzFhKdGXqg3MLZCnbHhqL9Hmg2m2IYnlMB8JIXZcBLj8yIau4MbuaqXDVkBD2iyYg6upzAdkuEKJjCzIsM8E0dZk9mWFdAxyAtzkQPzZEDGhF+CZU6EfUGEtoMVsgJa3/MCs5zEJJeALW2WMMyIsNI2NK1MdoC2zWuzsHF4l2WM+ER88SrpEj44fyKvZiB7Cydq37bUG1jZOi/B5BHwybULM0P711v3yEl9138Bl/VOnb435O//uoS+byt49jGKJ+8ieDG4gB6jD6pm2zYpbG85EnChcbT0/qsgO0GH5Y8m4VmS4V5MwEHLd7a/xuKx4wjS74oWSI7MEaL5C1DR7Oz9/H0XbESme5fgCSkAGdOdb7BafAZ81TVs31FjW3sTa9dLsXSqAH5C1BnA3edcwM7FYfEJGGdFTNF0VyCRTuZVV7GlqcR6SQnWiouxRSHR8otgCdnJAPS9YdkdkNA/zGOM7t1J16hMXylZST78NuuqMEvIfgbQ2B1KOjgJA6ObGPXFD25gVjwA0MSU243U1FRG/K1DAPUjb6jfEsOQI5YGjNFbMM8I4PLysVZ+CbHb1YgWFaXF11UjXHZeAfz4s45ykyZf5+pp6uIwQo12v0iHKcDabcTi6QKs0p6VspXk8JW0eZ8hpPKfQzqrG94o07ujNY+ZHdVDZu/cPeee+kZnfDI3/5eP5KSNVFvUXKH8/w2+ut3dWHFeZAAAAABJRU5ErkJggg=="
13,Jeep,2660,"data:image/png:base64.iVBORw0KGgoAAAANSUhEUgAAABAAAAAQCAYAAAAf8/9hAAAABGdBTUEAAK/INwWK6QAAABl0RVh0U29mdHdhcmUAQWRvYmUgSW1hZ2VSZWFkeXHJZTwAAALZSURBVDjLpVM9TFNRFP7eT/9SUktLW6hQEqkUCMVABycUm+DmwGoEw+DQDSZWGdSQGJJqGBic2GXQgWjUmuBoTLSmKTWVHymlBQqlpfT3ec4lEJx9ybn3vZfznfud73xX0jQN//OovCwuLj45PT0NVqtVU71el8rlsq5UKul5bzQaksFgqNhstrczMzNTnD8+Ph6g7ffS0tKBtLCwcEVRlMPBwUEwGwKIiH17j4l711FJvsKLjz2wuHqxtpZ4mMvlXhLYQsHUbypdXV3R/v5+m8vlwtbWFtLpNPb29uD29CDyNYv48RBuBIYhSRJ2dnbGZFk2GI1GqKoq5fP5Wyqd6rVYLIhGo3A6nfD7/aBWQK3A4XAgFothdXUVdrsdwWAQu7u7ODw8FDnxeNyncmImk0FLSwuqZg+efyihWJPQIH4GSYfb7ddgOz4m+mtglgxMJBJoa2sTrcq8FItFdHR04M2PCsqaDKOOQi+jLuvw+Y9ZAPf39wW4UqmABL5gqXIBUltEoa4noAJVJoVIIomWiqYHTUgEgzmP33kXDLjKeVV+NK1xBqYiMoUiSzg5ORE5lxmcF7hgQIpCr5koQYKS+wm3vI2rLjt+pdLI6DRBd3NzEx6PB4FAQEyLscrAwMDjpqYmoWy7zYjk9y8Yaq1g4sF9uN1uOO1WVhsmkwmTk5OgsYvpMJtkMgmVTz86OhLjqVOip7kZw8EJzM7OCl+w2jxaZjA/P49UKgWr1YpQKHRWgE6eWl9ff0Z0DHq9Xh4dHRVa8PzZmdPT02imooVCAdlsFuFwGBsbGzxlmf431JWVlTB9cIDaCZHbntKrlbz/jmx7Z25uTmc2m0VRHjfZvtrd3f2JPu9Sbl66fBv7+vp6vV7v65GRkVbyRYPsauPW2ER0odDZ2Sk8UavVDqg9ORKJpP8p4PP5FOrZTycuk4AOAilMle7GI9q3ya3LtOtItzppkSVGY38B11WimHp9JJ8AAAAASUVORK5CYII="
14,Chevrolet,2857,"data:image/png:base64.iVBORw0KGgoAAAANSUhEUgAAABAAAAAQCAYAAAAf8/9hAAAABGdBTUEAAK/INwWK6QAAABl0RVh0U29mdHdhcmUAQWRvYmUgSW1hZ2VSZWFkeXHJZTwAAAJ2SURBVBgZBcFLiJVlGADg5/3+b87cbLyFNBJ4oexGQYqIi6hFQambgohoE0aLUqGCaBcuonWLUFe1CIJolWCLaiK1C0FUREpRBgmWNpqi4XjOnP97e57ITI+8fuLZ6bnJZ0rYhikECGSQzbi1M1cu5UJcvfzqycN7RgCRmXa9+dXJ9w5su6uUWJV0EoBMSIv/LXv/uyvOnx1eP/3zL2u+PLxnCBVKF3cMarfq1D+6EkGQjT6b8TgtLfceuv0mO7ZU37bFmWx3Xn5w/7HVx9/ePSwQESsysxt0xUShBl2hCyIoAs383MCe7fM23jY5Xedm34UCSUBBCUqEEqFEKBFKF/7+d8mGFcvuXhOe37lWN9E9CRUgk9oRQkZofVJC7Rhk8fulNGpjrY08sHlS1DKGCpkkahQpJaKEQDayKwwoLbTWSYUooEKiIYIQEolsTHSAKKIPWVJDJlChjcmkIZCZoBS0ULskgySFvtE3oEJrKTNJUgKQQAj950eMFg5ZPvebU+vW2zH9WGWnCn2jT7LRACRoyY2FI6ZOfeC+p54zuekeSz99YubkQv304YkDFdo4tUwHfxgJqQWZQSMjPX30Lbv3vmDqzBeceMPMylU2b9jg+1/z5Qrjca/vmZ+bsHVd0ZI+6YOWrL7yp6lbNrHrFQD14LyuxcYK42Fr49Zy1ItvzvVapBSgJetXzrv+4zGzR180XDrvOq5d7fSdvyos3+gvzA66m1+7dzSbmUXSACunq4vn9zt9/B23rp5WuwnXFsf+uNBJ/aHITNv3fbZvvJyPR8T9KWcAJImUHh0eq1sXP+zWDi/G1cHc8Oxgy8cvffT1E/8D2iAtJW5RUGAAAAAASUVORK5CYII="
15,Citroën,2791,"data:image/png:base64.iVBORw0KGgoAAAANSUhEUgAAABAAAAAQCAYAAAAf8/9hAAAABGdBTUEAAK/INwWK6QAAABl0RVh0U29mdHdhcmUAQWRvYmUgSW1hZ2VSZWFkeXHJZTwAAAKrSURBVDjLfVNNTFNBEP5aqlItmlcoqG3EP4QQhFitxFNREwwnSbx50aiJBwkQD54gxsTgXQ+K4QoXogduRGPExCAaCCDRQhBCtaX8RKCl7et7u2+d3RZSjHGS6Uz3zTf7zc/aXtw+KvCXCDqx6EeplfMtAW7JMyirfFKHBFy71Yp/CqEFBQlOyixYpILznM/R09etEkRWl6Jed7EGPTaRA0pQDmByWAbpljUYCpzF2FNWKfNzmeDBXOhrb0nwCr6Pz4MT3Q9TCwhU+EAYGHRThgn8iMZQ5vbAMC00XQpgavKLLO2l/W7PfF94dno0PBuC70wD9OS6IpFKbSBJfjIZJz+eO9uEt+ocEmvLGAuNr1CCDnuWsWif+TYJt+aG3eVRwWlTIG1YSBlCqRRGFVeVlGJ6PqQwTwaWf9uEyH58eqO893Rd/XXnfg90XgCd6jVVtwnIs10vcjjAVhcwPDUyROAGiVNT6L5zzLXLYds7Mf6Jcy5szBL2/FHtGCfd6NztGNsalI32wE12tuTQcc3jrdg5RTnzvLlLNobJsBiexmp07vHDV4udksEIAbVS3ykszXwGN9LqJglkOfrmtgJFnnJohythMqujs/lgjUzgqaz1IzT8Fhnq+uSvOP4naxtJuNMMvhNnsRKda1Y92E9LFLjYCJ5Jo54xWiJTLQ43DbIspwb9l1tI32gb92kujBFThxoC1WfEw2B6EsPJ89gULnVbdfojCvU1vGEBbKZ02oMUHt3PMlx5n30zDtVZKtZZWgtOtvBnIS43XlXBo6NuRCIRXKirQzAYRGvLPcTeeVFgt22XZHt288g6jejA1otDcQ2qm9rg9/uhaZoKSiQSGBwcxNDr59AyIYi897u9SPnS1dXVput6C7E4KZmQHyMdME2zvb+/P50f+wdCqc9c4Pf4aQAAAABJRU5ErkJggg=="
16,Mitsubishi,2283,"data:image/png:base64.iVBORw0KGgoAAAANSUhEUgAAABAAAAAQCAYAAAAf8/9hAAAABGdBTUEAAK/INwWK6QAAABl0RVh0U29mdHdhcmUAQWRvYmUgSW1hZ2VSZWFkeXHJZTwAAAHHSURBVDjLpdPNTuJQGAZgL4FL4BK4BFcuNEZ03Mwk41+MMbNQok7UqCkGJWrGiZKiYJXKERgLpUVEIagcULSTii3KxC2X0Et4bXcmisq4+DYn53ve89sCoOUz9WJgnJXs7nBeJrlb8NlbBFKKMelL84PLcfu7wJhPcnDHipEs3SNz8wipVEPq8h/+nOnYjJeNb+6Y402Ala7qyeIDhEIVfunaWODydC1arB/kNERzOqbYLG0I/FgXnbEzDfJlDV5S0PuXBJs1/pWJ2ZZ4WuczFbAJBT2TxP4qMLKWYA4vdETMtD6PMPB8Uu9MtPXLFGG6XcTVNRa2vQoMeeOuSF7DQVaDmepq+ha+ewQHl1YRv3jAr2jJaBrYEhUzXYdYqGEnpeJ3rGxCZaySMkaWU/RdgE1cIyirIKfWid9jW1TN5it4+RIGFz8AWNU9QZxs4i+2kyo6R0NM0y9xdCVN944q2DxU0D4cGvgw4BwP22f8+bpPUEBOquDkO6xHbuAOUjABivktijl/AR3DPN9wBdZeSaaK/WMdobSGvSMNu7IGTrpD0KyAWMG07xwNgX5Gph6u+CJ11myyGqc3zvFz4w2grW/H9j/f+Qn6r94u36IRBwAAAABJRU5ErkJggg=="
17,BMW,2306,"data:image/png:base64.iVBORw0KGgoAAAANSUhEUgAAABAAAAAQCAYAAAAf8/9hAAAABGdBTUEAAK/INwWK6QAAABl0RVh0U29mdHdhcmUAQWRvYmUgSW1hZ2VSZWFkeXHJZTwAAAKOSURBVDjLpVPbThNRFOUD/IJ+B6gvJr740mg0JsQUX0yMiUl9MJJIwGBsMOgDQSEz0mANhEIKoqhBBTEpahm5SWxLKTO9WBAKBTqtw9DpDbqcfUprvbw5ycpJTtZae+09+1QBqKrEqS4YdNToMOowHcJ4eGf4k18pPKKjuumFYh75vMbPuIPC4tKy7PX55akFUXj6McI3DCfMxCHubwaH4hODrg2LdzksxeIKVC2H/EGBYTeVRXQrgekFn9QzEbYQt2RSMqgmsU/8pqYzedCnZfeRUHOQdexl9tmdqmUxNedRbWMBMqlmBtQXxabKJfGOksW952HEklmG1mdhRBOZssnE5LR0fSBG7RjIoGZE+M5T7JJ4I5mBqW0Bqztp3OyTcLyuBde6/ViLpxlHjGyCG57hSUsGxumvAYF6pqhUcV1O4+IDD+aDCs7dfsfOM02jzFBJ5bGd1NA79FogLRmYPItLMg0rvptjBkSsa3ez864e/2htM24NBBDZ0liKbP4AA44hmbTMwO31MQOKT6T6XhHHLtxhsYMbKZy3OBGOaQzFFDn09vWXDYyf5v1CUs1gV8tjNvADZ5vH8SWk4HTjK4jRvbJBaDPF/kxwPQnO5ii3UONwhvjVaByFArCyrbGpn7zCoak/wBLUtgrsDERTyO0XMDnrh8X6tjxEQ/3gjtnpmpNkpThlqnajR2QVSWj/EGVJqEBIr97ZbZcuW4PF31haJO6l1zL63qXGEkVici/P+qVEtExUObieQIdtUG3kxn4tUuUqtznmLPbhUWnGE8JqTGEzoZ79KzLGXV60cT1SQ+ebv1e58jFdfbJibnk8zrd39QncI6v8sJOX73fYhMaOEf4SL/77Mf3Pc/4JB00Hw5wBy+AAAAAASUVORK5CYII="
18,Jeep,1966,"data:image/png:base64.iVBORw0KGgoAAAANSUhEUgAAABAAAAAQCAYAAAAf8/9hAAAABGdBTUEAAK/INwWK6QAAABl0RVh0U29mdHdhcmUAQWRvYmUgSW1hZ2VSZWFkeXHJZTwAAAKqSURBVDjLjZNdSFNhGMdPqJU3QXdCQXhT3XUdQqS0rNR2sRB3YWxMIyxEYtM22MJKY+kCo7ESgi5CK8MgWrimTN1xm24izuWGKUutOdP5se+zj/PvPackFxW98Ls45zz/3/s878uhAFA7nFGPSKo6HGZhp4MlQKhzJISd44lK7Rhb0kw/2l27Q87D+XY6tR5OYCOaRCjyg/VwEt5AGOq3S5B1zcVPXXu376+CSq0tvh1jMLmcIaTh+MxgdD6JZDqLyUAGd98voUxp6fmroEJrS3CCKSKY+pLBxGIK9AID/2oUXGermzEINKPpPwpaW1sLK7RjzFaUwQzZbWYl+7OLFMyzMRg9EWyR0c7etjISiaQwR0DCMkKEHBY2icC7wuIjEbiJyLWY5scYmouTbymcu0NDLBZHRCKRjBeQoKC7uxsulwsXO+wIEYEvyMJLmPmaxTQZxU66sJJRQkRwoc0Oq9UKuVyO8vJyASdwk4VgMAi1Wv1fcLU0TaO6unqeEzCZTAYcTqcT4XD4n9hsNuzUNzU1sZRGowHDMDx9fX3w+/286HccehXoy8cwWFaAYfERfHreBqlUCkqlUsHr9fIYDAb4fD5YLJYcRh7IMa0oQcKoAzs7gNiLG3BePwF56VFQCoUCZrOZR6fTwePxwGQy5XLpEOIkjIdVQMtBoL0Ya/dPo6d0PygyB4xGI49erwc5Ex6lUonGxka+zcGyfLCT/di9Nm8VwUzeUw0NDdne3l5ewAVfvX6DoeGxHEyiIkSfkmsnoWQzhQ3C4tU8vCzdC0omkz2pra1119TUQKq3I55gsL7NYI2wupVEIJSA+9k9jF85jkBLMb4pC7BQtweDVfls28kDH3L+Baneka1/PIF6wy/qeMbRpbyJfuFh/hZMgrzlAUGeist8B7UP+hUJif4NAAAAAElFTkSuQmCC"
19,Hyundai,2962,"data:image/png:base64.iVBORw0KGgoAAAANSUhEUgAAABAAAAAQCAYAAAAf8/9hAAAABGdBTUEAAK/INwWK6QAAABl0RVh0U29mdHdhcmUAQWRvYmUgSW1hZ2VSZWFkeXHJZTwAAAEjSURBVDjLxVM7TsRADPVEK4oVSrGU1FyCjltwADrOQhOJe1DsMbbfYjsQ2g4h5cvM2MaeT1BIJNBSYMl69iTv+TOJYWb4ixWnEquqCpVX3x887bqxJSQAkgwRwEvsE97drM0wDLAooHZxXgBlsiAmJDl4ecPwTtd1ywJaXsmZqLFP5JBHPrRtuyyQ29Xq2nIU44mYWtM0ywJKOr7TOC9hjIOAOvwgcHu9Nr+5hYnAw/bI81EYvLTgBJ1lsA7BORIkeLy/MnVdTzu43JwFJPmwdFGjgNcRxH0BXsj757i8mQBzWhaqK4EDGZ1gyvV8+KD5LeRqPmCKQ/UYo3oSJ6L5DqwlOLz2ghiq6pzOxvZ1fuQvYra+73PrfJKXZcmK5t/+xmyf9PZAc1Cvzt0AAAAASUVORK5CYII="
20,BMW,2958,"data:image/png:base64.iVBORw0KGgoAAAANSUhEUgAAABAAAAAQCAYAAAAf8/9hAAAABGdBTUEAAK/INwWK6QAAABl0RVh0U29mdHdhcmUAQWRvYmUgSW1hZ2VSZWFkeXHJZTwAAAKXSURBVDjLpZNdSFNhGMefdzues7ODc2wqW5ofE5WVqNgHdRM0AkPsSykWlBddGHXhRRdRBuFNQRR0E/QduG4kjCDSCx0omKzBpNmyi5XuVG5N5o6207ZztrOdnkkJXWRCB/78zvvx/7/veZ/zElVV4X8ezUaDfr+f9vl87EZzyN920Pf0bQ+XT97ZXUlp5n4YIC5KfbdPtT3Z1A7Q3M0w+cGcrqh4PsVxCqXhKFp9fPrWSPc/A9DcDHl5uMTEQmzhC9hIZHZ1aRkKbQ0ow50X7jdvGHC0Ruq3UDLwH3io5JSZrs721hIl7i20S0kKHDX53j/OIBAI3FMUZR8KstksjbI1NTWR4dFJubWhkuF5HiwWC0z7g+lDjj2s2+1OZTKZz7IsAzKmQaNSVlZmxzA7dlykaZp4PJ43ddYSJhQKOVmWhWAweKK6VM+Oj48/4jhOL0nStcbGRjuG2IjX660jhHxKJpMVGCCgtqEiOFheWAlVi+88cgsyirSgVhiGiQiCMLpWxomJie8YYhBFsVun0z2PxWI9uJIrGo06DQbDUDgcdtpW3g8Z517FVTFhzhRphXTLEZNbNF2mCgeByR5MPYMUEolEC/IbcidyAbljl//hYZPVnG3o7Tcztdsh/W7MNDflhr1fV6vWqoDf9AARRkMHbm0WeQBX9iEPGo3GmXR88Vy943iRbn4SyOBJ0C+8gNpqE5RLkY71P9HlcmVxF8VoqimcLrIB+RFVv99zY9px8xkhbcfWy7c6YIWZqWWV+t2BBgqVRgP8KtG6kjoOUv4R4F6eBzkdhRTOFxNayGkhQjZzG187KwboYu7KVrNCUZpFEGMK8EvaXFZSr5LNXudpZ9WlpBA5q82R6pxWDaPrbvuYcv0nJj6CVSYYRbYAAAAASUVORK5CYII="
21,Fiat,1054,"data:image/png:base64.iVBORw0KGgoAAAANSUhEUgAAABAAAAAQCAYAAAAf8/9hAAAABGdBTUEAAK/INwWK6QAAABl0RVh0U29mdHdhcmUAQWRvYmUgSW1hZ2VSZWFkeXHJZTwAAAGWSURBVDjLpZG9S5thFMXPG2NUxE8oxFAtKFnyLwiCHaxOnToodmoVh0qJFBVcRXQLuOhWLLQoWtsIfkCzmNLioA52EYz64mBKFAJKCXnuuU8HWykaS3i92z3Dj/O717HW4j7juxm8+TZQMvS1f9QzgNRZUnuKBTj/KkSTfbGG8tBrVYWbdUEqKMzQcFuEGzRc+tD76aQgILrZNx6sCI01V7XAcQBahaoiJzlkf2WRzv5E6jT1mUamlvvXv99SIDVAEgqFKEESYgU+x4fyQBnCwTAiDyNPjZGRzlh7Y0GFgbXn08HKhlck4Z65ECFC1SE0PXiEUn8AqsRe6gcO3IPol+Fk7NYRZ7reDbrn7tvjjLs392zRed+97Bymj2KJncTJZe4SF/kL1FbXwhh5cucXxMhLMTL/d//4YjVq8rK0f7wPv68UdTX1kLx0FlT43zyebLUdbR2gKuKrcWxN7DoA4C/23yYvMBSoVYjhdV40QIxAlLCWECNeAAT1TwPx2ICWoCroTYFXCqqglwYUIr6wAlKh1Ov8N9v2/gMRLRuAAAAAAElFTkSuQmCC"
22,Chery,1379,"data:image/png:base64.iVBORw0KGgoAAAANSUhEUgAAABAAAAAQCAYAAAAf8/9hAAAABGdBTUEAAK/INwWK6QAAABl0RVh0U29mdHdhcmUAQWRvYmUgSW1hZ2VSZWFkeXHJZTwAAALNSURBVDjLpZLZT1NBFMb5N3zx2RcTedGYGB6MLyZuSTWoiVgMimFL2KRQUKsClR1MKbKVpUhbBKmQlhbK0pQKpFDaAtLShQKytdTblrJchM97G3PVYIyJJ/kyZ86Z+c2ZMxMBIOJ/dCwwJCm6qO94qpns4WxN93HJyd4cUidNXVc1pHZ3v805/1eAVlZQbVZz9petY9hcc8Dv94EgvFhZNMOsk6CvPn5bWp6U90fAsCS/0m4Qwudxw+r24f2gC9Wds6iSzaBVaceUbR0uqx6KuscQ5cdl/gZQtfIvGHoySO+GC1rjKrqGXLAv++H1B+Hxb8O65Eer2o4PI07MG5UQv7wdqitIiGQAA81ZigUq8XlxCzKNE7T5CAK2L2vYpXxawSOgptcOncmNfnE6anLvtDKAwZbktVW3BWLVAuaok0MHRwiGQhA0irBBgQJ7e+hUDUJrI1DcboJlQoo6LsvFADTNSbs+7wqK2kzY2CHh2zvEPpXIfs6DuEuOrGc8qPXjsBAk0gTjWHKNo5F7c4cB9NXG73o3HeCJjFgKkhTkEMtEAK9KSsObtUYzPAeAwUsiueIT3I4RNGSzfgI6y2KcDosSFTITRhYIrFKXXg6QUAyPwrnlx/o3QKrvQqqQjUdl13G/8BJSsqIIBtCUHyMalnKgN9nAl1nhoRrmI4HAISXK7xiVgNcRi94ZAaZX1SjvT0B0+WmcSzxREgY0FCaeaXkRvTNvaEGbchKvZfMwur4iSPUjGCIRW3QZcksF5HNV4RcqGXiI8oF4GrDLfKRaXiznHf8W5saqMTRhQIFoDE+qRpFeocMVbiQUM/X41T6aBTTg938tyL2XV8u5EZQL72JKkw/nnBjO2SZEpZxEsfoBCtXs8OZCFft4BQwkL/ZsZSar/U3aNbcw4+oOLXZKpJ9Vcgql6rjwyfRIz5ke/IuoxXxKAbrsHyOfjn8HcjT9RjDIr5sAAAAASUVORK5CYII="
23,Honda,2537,"data:image/png:base64.iVBORw0KGgoAAAANSUhEUgAAABAAAAAQCAYAAAAf8/9hAAAABGdBTUEAAK/INwWK6QAAABl0RVh0U29mdHdhcmUAQWRvYmUgSW1hZ2VSZWFkeXHJZTwAAAKiSURBVDjLfVNdSFNhGH7Oz7Q5N3dshrKRGP4wFElMKALL7McIDDIKopuIorsuIqLLuopdxKSbIqmroKIuVCjtIoQk03BtF7FYyCxIUMmpyXQ7O+frfb9Nxai+8X7vztn3Ps/zvc87RQiB/61IJPI4l8udN01TpwzKMrLZLOenyr8AYrFYGRX0eb3e08XFJchQEWwb8jTVGIYXw8Ovof+tOBqNdnGxz+fzu1wuJKd/gNltW8AWNgEJWASWyWSgx+PxjGVZRRTy0LpMzqlU6k/JWFhIEZCNI0ePy3c6FwcCO7G4uCTZBX8EqxQy+IE4UW6UYXCgH41NLZKdf5MKGJWLb/RF6JgCRaE9v8nM8Wt5GaHLbZLxU+QDWG3ViZN5BSyVWfmgUb4dqqpCoVALwd9rSxNwzD0ErAo0NbdBUA9EoQcqK6BnAlChadqWUCmcDgtdu+Iwqvag2vMd8+4kHi2G5bWkArNgj6Iq0HR9g11mUtXsHkNdsB2eqhb4nc/w/GsM35bWpAoJwBs3hK/AjDU7SuT9eZViHkExCrfvHKzlAQRaLuDK5CvMVndTjS1dkQDMyI3imErkZ0GhvpypHUOg8xSwFsHEk37svXQTRStfUIwGAvBvKnA4dNy5uFvaY5o5pNNkz2oClaoHbiNN7Emy04a18hE1B68h/eY+RG5fXgF18u7IyNsD64NCudzjdtXUiSF428/CTo9T7SpaexpgZ2ewzZVAIHgYKz/fyWHb8l/o7e29SiDd++uVQ35DRWW9k1gnSG4Wky/jBBKEopUBzmMYfXALQzO1yQ2AcDhcQdbNdXR0Yu39dTT23IOmTpPUlJzPzUV2Oxsw+zmKxODtFxsAoVBII/njpKC1wzUM1TKlVTz4ishleHDWB6jwnt2b/A3aCqjQmVNP6QAAAABJRU5ErkJggg=="
24,Mitsubishi,1078,"data:image/png:base64.iVBORw0KGgoAAAANSUhEUgAAABAAAAAQCAYAAAAf8/9hAAAABGdBTUEAAK/INwWK6QAAABl0RVh0U29mdHdhcmUAQWRvYmUgSW1hZ2VSZWFkeXHJZTwAAAJlSURBVDjLlZJJa5RBEIaf7q8nGceJRMkiKCJIEEVUXMYtp+gxKBIQXC4iIjl496IomJuiv0BQD0HBQyCHgCIqxn29CYqKGjWZaGRiJjNfd1d5mJhE8KANzdvVTT1db1Hm8p2xE6ocjiqLRYQoEESIUYiihCizdiQGJYo87jnQVgBwonq0q9DQxH+sk1ferP59dlGkCaDv7UWCBEIMeAn46Gc0hum3Y1t68D7WzwIoAPtWHvqn3ycqAR8iM4AoAPTeHfknwM4NC0hnA8IUAGBvewtXB4fZs611+u7ag2G6Ns/Eo6XKHxWYc/1DeqijmYEXY1gAYzAot18UaaiHchqYn6/j88gkxkI+lyBqGCtNcvP50CYXo6CASwy7C830PSqyq9DCwL2PdBSWs2tdnv4Hnzi+f8UfVi7dKiJiHlofBRVwFvqfFkmSmparnu/jAYDrT4anEysBSlUo/kgxRrA+CKpKJoHO9c1knaFzfTPWGhIFH4Wz3esQUaIoCULOCdVqldJEigtSa2JiDTdejgJw4+Uo2YylUvWcvvIeayBEQabsqioo5DKCDSHUemBhx5omXFLTIEo1BhKbwRiHIcGYBNSiavAhkKYB52PNwqoleb58n2RZ6xzeff3JeNmTMY7uzgaCpIAFBTVC1tVxpvcD30oTuBh18FTv67VplLk+RHyIxCBTfjMIk1x4doSm3BIMlmL5I4c3nseSpVxNcWcPrmj/28TtOX1fly6E1vw429cUaKxbBBZ+VBbRMjeQqwNnDEZV/zqyG7qvD7YtnrO1sb6RrJtHEI8RwWhETJlXH94yUvL8AgiPWj6e64RKAAAAAElFTkSuQmCC"
25,Jeep,1392,"data:image/png:base64.iVBORw0KGgoAAAANSUhEUgAAABAAAAAQCAYAAAAf8/9hAAAABGdBTUEAAK/INwWK6QAAABl0RVh0U29mdHdhcmUAQWRvYmUgSW1hZ2VSZWFkeXHJZTwAAAG8SURBVDjLjZNJS8NAGIarv0PBuzcV/4MHwYMHL/4CPQsexYvoSW2RioiguJ9cigtFKhpxqVtBXGqtVRO62TbJNFMb+zpfNKJVMQMPCWTeZ+YdMi4ALjGqBPWCxn+oEVRSxsb1IajnnGeLxeKraZr4DfEdbrd7sFxiCxoprOs6GGOf5HI5ZDIZxONxS6IoCjwezzcJjQoS0ATDMFAoFKwnoWkastksEomEJcjn86BFvF6vJfkhoLANCSigqiqSyeSPSh9nUvFNIGp8TqB36m1XSaVS1k5kWf5bUM5XCe2EziOdTjsXmGYRgVAMi9I1JrbuMbPzBF/wAS8F5kywfX6PlWAcNwrDXYpj/1bF2mkS/pOYM8G8JOPiUcNBNA8pwrArCMkcs9vR/wXUf9wfRTjBId3q2Anr8F9qCMY4pgKPzgSzovPFE0Pg+j1MHD1wjPqunFUIhBTsh1Uci9Be1MChWH35TIN3cgl97XU95YJSueBZ4zi8ecaCOIu5XRljm3cYmfQhtDYGabidTXfWttl3oUH8fUyE/rxMNpGD1dLReEcpsj4EX28TswXVJHFwnS26mqu6NwdajY3+FrwBN5GpoomTEloAAAAASUVORK5CYII="
26,Peugeot,1343,"data:image/png:base64.iVBORw0KGgoAAAANSUhEUgAAABAAAAAQCAYAAAAf8/9hAAAABGdBTUEAAK/INwWK6QAAABl0RVh0U29mdHdhcmUAQWRvYmUgSW1hZ2VSZWFkeXHJZTwAAAJLSURBVDjLpZNNiI1hFMd/773vjJlxR2iMKUyZSfItHxlJaQyxYCcbJYqlpR1R2Ck7ZTdWytfCQsnHpJCGkWTKR2QmZMS4d+573/s8z3nOsZhRFhZq/ptTp/P/9f8vTmJmTEcFpqlpA9LT177/s4OoEoLiRAgBcjFyJ7gg5N7IgpLnQgqwaUnzX1ZD1Ihxcko0ghhBlRCMIEqIihfl0v1vkwCASk2IypRJ8XHqWAwvipOID4YTxQdlbiklr04l2LWmxJ2XE2xfVaJci1x5PM6+njk0NybYZChefqoxMFzm0Lb5OFH6B8bQPFBwItScMqdURBVmNBTIfaS5MeH8ra8kwKmro1x/sYeRyl7aZxuL25vIg6KZUMic8OR9xsbuFm4OjtPUkHC0bx5pMaHqIgZkLlIXz8K2ZRzpX8fPLMOFiGWRtJobvctbefC6wo7Vs6g55eyNz9STAyiB41cjvhhY0LqEZR2bmKhnHL68lPb0Nuo8aTn3hGg8HK6wvmsmZlB1Ao2eHSsOEk2JGlGML+VRVi3cQtXnDI1uJtHLpL9qgYt3vlF1kRNXRnCiuGAUC55oyqcf7wgqiAZCDFTcBGsXbaUaaoz37SetTAi5j7Q2FfENCU0hIcwwxnwdicL8WZ2IRqIpX8sjzC11MDT6iKcfhhl/eIGk+9hzq+eCBUOdYl6woGzZfZi693j11MXT3bacnq6dPBt5zN1Xg2RPz2LVTpL//caVZwrZhs7eloG39z57ZfuXc/YG+H9A18kki1psyTV2jZ2zj3/2vwEmE35dgxn8EgAAAABJRU5ErkJggg=="
27,Citroën,2601,"data:image/png:base64.iVBORw0KGgoAAAANSUhEUgAAABAAAAAQCAYAAAAf8/9hAAAABGdBTUEAAK/INwWK6QAAABl0RVh0U29mdHdhcmUAQWRvYmUgSW1hZ2VSZWFkeXHJZTwAAAHtSURBVDjLjZM9T9tQFIYpQ5eOMBKlW6eWIQipa8RfQKQghEAKqZgKFQgmFn5AWyVDCipVQZC2EqBWlEqdO2RCpAssQBRsx1+1ndix8wFvfW6wcUhQsfTI0j33PD7n+N4uAF2E+/S5RFwG/8Njl24/LyCIOI6j1+v1y0ajgU64cSSTybdBSVAwSMmmacKyLB/DMKBpGkRRZBJBEJBKpXyJl/yABLTBtm1Uq1X2JsrlMnRdhyRJTFCpVEAfSafTTUlQoFs1luxBAkoolUqQZbmtJTYTT/AoHInOfpcwtVtkwcSBgrkDGYph+60oisIq4Xm+VfB0+U/P0Lvj3NwPGfHPTcHMvoyFXwpe7UmQtAqTUCU0D1VVbwTPVk5jY19Fe3ZfQny7CE51WJDXqpjeEUHr45ki9rIqa4dmQiJfMLItGEs/FcQ2ucbRmdnSYy5vYWyLx/w3EaMfLmBaDpMQvuDJ65PY8Dpnz3wpYmLtApzcrIAqmfrEgdZH1grY/a36w6Xz0DKD8ES25/niYS6+wWE8mWfByY8cXmYEJFYLkHUHtVqNQcltAvoLD3v7o/FUHsNvzlnwxfsCEukC/ho3yUHaBN5Buo17Ojtyl+DqrnvQgUtfcC0ZcAdkUeA+ye7eMru9AUGIJPe4zh509UP/AAfNypi8oj/mAAAAAElFTkSuQmCC"
28,Honda,2073,"data:image/png:base64.iVBORw0KGgoAAAANSUhEUgAAABAAAAAQCAYAAAAf8/9hAAAABGdBTUEAAK/INwWK6QAAABl0RVh0U29mdHdhcmUAQWRvYmUgSW1hZ2VSZWFkeXHJZTwAAAH/SURBVBgZBcE/jN9zHAfg5/35fn6/6/XqVEmkISHif2KQRsQgLEg4g4TJYrExYTXabJIbDZJOFoNRQssgERNiYJFeOE21QfTuft/v5+V5Konn3r/0xvbu1uutXMApFCikyDCP8euNa/mi/r7+3uX9vROASuLFD765/MnbFx5prc6GSQBIIK7+u3Hxuxv++O34v59++Pnc1/t7x9ChTfXQuk9nf/zT1KooMlgyzHPc3CyefeAWTz7YfTuuns54+Pozb31+21cfvXTcoKrOJJnWU7Nq9GJqTEUVTWE4v7u298R5996/td13dz6GBqGgoRWtSqvSqrQqbSq//3XTPWc2Hj1X3nzqdtNqeg06QEKfKCVVxhJa6RPrNL9ci5MxG+PE0/dtqd5m6JAQ9GoigmqlkEGmxpo2yhiTaFQDHYKBKkoJggxWE6CaWkpaDCRAhzGTMFBIAlrDKH0KKUKUZbAMoMMYkYQQASBAKRV6Y+DUimUO6LAMlpDBABAwwjIIRkixmpr5ZAYdxhwjsf/lywAAAADgsVc/szkeoMM8L5YFuPuuOwEAAMCVg0MZsTmaQYf5eIx5jKCuHBwCAAAA6L2NeRkzdNgcLYc76+mOd174dCdJEwbg1u0OErZXTZWxmuqfZR4H0KEqHz7/7qVXqurxyGkAIYgAAUdjjO97cxH+Bxjp+96ObDbVAAAAAElFTkSuQmCC"
29,Fiat,1252,"data:image/png:base64.iVBORw0KGgoAAAANSUhEUgAAABAAAAAQCAYAAAAf8/9hAAAABGdBTUEAAK/INwWK6QAAABl0RVh0U29mdHdhcmUAQWRvYmUgSW1hZ2VSZWFkeXHJZTwAAAFuSURBVDjLpZPdS8JgFIf9F6UoieiDogKllUNhM4IIKYhCRAqlIkqKmYVGERZFUZB9kBgJ9uH9dARdeDfn6T3ndbJFN7kfPDDGe55zONvrAgCXE1zuacW7nK3UQ3ufIO8yku8gbZchuFWCwOYriBsv4E8UYCr+DMLqI/hi9yAnbutYR4JwumJEcyr8FyFybZAAO3fC2NIVkEBOfkAnGVm44AJp541eFItFAjOU0QhMvBAhms2m/Uz4rCVgC+tEMDB3ygW47b+CBSaGYdjA9M+ecAF+qt9dzU5YDCmRwMLv0jiB6Zs54gJx3T62dVTq1hI0Gg2bwCNnuEBYe2qPbB0TC6zout4G0x1Ic8Fk7IELBC+Bh83F4bM5DRZal9glprjAF83zreXvOCzlrxKBUVUVqtUqPddqNdA0vie3XwHzLigTKzf0Z40uXsJw+BwG53Nsy8e0KE8oC73SIfQED9jY+6yzAqwGUUjg+DY6FfwA5i1AjZKvAWgAAAAASUVORK5CYII="
30,Fiat,1097,"data:image/png:base64.iVBORw0KGgoAAAANSUhEUgAAABAAAAAQCAYAAAAf8/9hAAAABGdBTUEAAK/INwWK6QAAABl0RVh0U29mdHdhcmUAQWRvYmUgSW1hZ2VSZWFkeXHJZTwAAAJnSURBVDjLpZLvSxNxHMf9C3rqw6QHcVaIKHVEKQQuVtuaOrelbldTj5mrliQjYUtreqUrbYaObf6k9oOmTAIz8TbS6c7FdqPChBCLIq64hz0+Pn2/MaI6C6EHLziO7+f1eX8+328RABT9Dz8/+LCJ5CNUnI9YxHy0TeLDLVJ2xixujBvj6TEd+U8BHzHT+ahF4MMUn51pcmYmjMRG0EBsBPROLmDkOZ9RWPXW0rsKcGdcnHvczOQ/fitFNCDsiMsIDeJAylvLpLw6ITmgliUpyoWpeC5E8egggbiE6EY4EF2ITkQzomRlSMsnBtTxXRJcFLPTjU50qB5xo1B8vVCMU3QgahKMypkc0IgyQT7SImXGjbi77ZeuP0awPjOBZd4Ipmg9LN9SEslBrSQfIWSROL8eC6yFwqsFWfuFOQOENydAN6mC5zcVRIJRywWZqWaR8zXgEZSFwo7Wp41AxRrAsXgFJl+Ngm22FWo8VVDtxjv8Q5D2G9A96/ESSxAGBI0jT732QSA/Asy6Cx68vAuetBuOdpfLBamROnJtVC+sDGvxNe5HnMKRNWMKoCMUeLh+aArqoNJRBmX2Upi3n2yUPaQX987Rq8O1QnJQw7N9Z5xLPaeJRZeCwJFvr7qgousIfMr6YWftPrBuLcy2Hy+WPWW2/yyJiLOMWsTLYvtUEo5c3nkYDtkOwpfNR/B1KwTvlnsh1lYlRVuOFf8m+Bvz16rNK0Pn4f36MAhvpuED9xAyQQvcURLbexJg5jpOmNm+OthacMHbhR5IeQ0Qs5I7exZgntBkU8hU+XmpV4lGILdDVMU+/P87L+2y1u3sopMAAAAASUVORK5CYII="
31,Jeep,1226,"data:image/png:base64.iVBORw0KGgoAAAANSUhEUgAAABAAAAAQCAYAAAAf8/9hAAAABGdBTUEAAK/INwWK6QAAABl0RVh0U29mdHdhcmUAQWRvYmUgSW1hZ2VSZWFkeXHJZTwAAALkSURBVDjLlZJrSJNRHMaFvtWXvvShT6ltb6Qz1EorZDZv5ZwNJ4UQQYJLnfZhmTJDtthUUpi2UcyELKI0l3My57zkEE2kmszyOi8jLyi75GVaXpr59L4vNBgV0oEH/ud/nud3zuGcAAAB/6OpVsI4pmN63z8O1lPz/QMG4ojNQISQwcM2A1Mxa4yEuy0B7Yog774AezvxhAzOT+gJD7nrz3nTWQxUB+0NKFnQlQS2/hNABpnTJmLLOXQb265u7Dg7sTYohquVg9GacBhkgbLf3r+F02d7zsM9XokfLhM81mtYeRcHpz4UjpZoODriYZIH2v4AkMGjpN4uWTKwMduI7YUX8Fi4WO3n4Kv5Atwdp+EynoKrOxmDVQyvDzBtJJhkcIm86557RArvmgXf7aVwD1yC08zGYls0ZurDsNDEgrOFPEXnZfSUBe/4ABM6Zrd7+Cp2HE+xOSfBpi0TWyMCuHo5mNZGYPxZKD5rCMw2nKCvsWRKQsu9wHkfYPg5Y3Hdnot1uxwfX7LwSRuCscYozJBydkTBomLA+vA4FuoZcHclYq4pBo13jzX5AB8eBddOGWOwMlmC0WY+9NJz0NxPR0WZFHV1dahQFKC7MgLDNQQqSwvpXnmZYkMkEhWy2exDNKWvKmhgqCESy5MSFN9kQ6VSweFwwG63o7e3F9UPCqFWCDFpG6N7/f39tIfH41X6XqGrPGiyVhoBSZEY1pERlEmzkMpLgVAohFqtRnFxMV3zUrjIyMgwUZCCgoI1vz+QeSV0qlQuowFvilhIjI+F2WyG1WpFX18fdDod4jnsPT6ff5ACyOXyLT9AWFhYbk72rQ0KcEeYjIQEDpKSkpCWlkaLquPiLu4JBIJOCpCdnb3qBzhJjtTU1AmlUrmqff1qs7m5GRqNBmKxGBKJhK6pnlarXaY8lNcPQBDEgdjY2HAul/slKyvrW15e3lZ+nmhXduOMR36d5ckX5eySvW1qjfJQ3l9oR6i5wBWqZAAAAABJRU5ErkJggg=="
32,Mitsubishi,1830,"data:image/png:base64.iVBORw0KGgoAAAANSUhEUgAAABAAAAAQCAQAAAC1+jfqAAAABGdBTUEAAK/INwWK6QAAABl0RVh0U29mdHdhcmUAQWRvYmUgSW1hZ2VSZWFkeXHJZTwAAAC3SURBVCjPvdCxDYMwEAVQSxQ0CImKKldE19FRITeu3LihiGQGYYKbIBtkgtuACdiACW4NcgEnpKJE11j6T98+m9Wcj7kERIqsM6ymHwJ7dvQJmhvSryFK5N1rLFtc4gT8Bx4JOO42gC+Y6wM8pJ/D6Ec3dnOrAJ9ga64O0EtIDS3fBS0sGi/FklMCQXwCjQIoa1vZYsqnrEnAi0sAGWQ/5Zx9r/CkT+NW18QBWMu39TIydN1Xn88bUK7xEQPM95QAAAAASUVORK5CYII="
33,BMW,1837,"data:image/png:base64.iVBORw0KGgoAAAANSUhEUgAAABAAAAAQCAYAAAAf8/9hAAAABGdBTUEAAK/INwWK6QAAABl0RVh0U29mdHdhcmUAQWRvYmUgSW1hZ2VSZWFkeXHJZTwAAAJrSURBVDjLpZPPS1RRHMU/982bGUcZLemHkAougmhhIhgqtUqKgggXtWnt0mUg4V9gKNGmwKJFbYMwoxDaRAsXLrQyUlMricSycmbee/e9++79tvBHZNGmLxwOnMXhcDhfJSL8z/m7hcHBwSHgyraxiOzAGMPw8LDq7+8XrTWjo6NK7U4wMDAgvb29LCwsUKlUGBsb4+HNyyRLd7h0rYrm5mbq6+uJoojl5eV3fySoqalhZmaGtrY2amtr6e7u5tmbT0xOnqSvr40gCFhZWSGfzxMEQbM//7hjuqr26FGlPACKxWO0trby6EM9T997QI6TDY20Hz7MxMQEXV1dzM3N0djYiDEm5yvxjjSduJtVSoFA/tUtCoUCTxY9SioPHjz/Ch0NGUqlElproigijmPSNMUnFY1L8vHqTWySIQwN5XIZkRrEA5VRiKdYW1sjDMO/GBjliUuwSQ5xwvr6OqsLk1yrm6ZJ5n/r51wPwH3OnoGR14cQEXyUVLk0Ivi8RrA0xam6iJZMNbnz1/EzWUwSo7UmSRKy2Sz56j0k4xcJwxBjDD7Gwy8cYH/nVfZ3Og5GEVU5w/iDEcTGAGgdYFONtZrs3gu0A1NTUwDjPkZErMaFLxG7gRe+JRHD6RP7EKdRSnDGIdYi1lBo6WHx9g1mZ2fV5hJjRFyKM1+QdAOUj9gKSAoSI+IhNsClZcSWQaldU05EFBZJvyHpj03YDSTd2OIyYkuIDRCncfFHAL1jIIn7nobr1aaSK+KKnkgWXBFk31YHCeJtsvIsVmuRxMW/DHQ8tHSr9zhCD4riP19PAPUiwcm9bUn97zv/BLX9cx0txHrHAAAAAElFTkSuQmCC"
34,Suzuki,1442,"data:image/png:base64.iVBORw0KGgoAAAANSUhEUgAAABAAAAAQCAYAAAAf8/9hAAAABGdBTUEAAK/INwWK6QAAABl0RVh0U29mdHdhcmUAQWRvYmUgSW1hZ2VSZWFkeXHJZTwAAAKISURBVDjLjdLNa1RXHMbx77lzZ+6dOBqZxMa3BBJBiG1alb4o4sZSceGiQl1VaBeluBV060pCKe0/UAqlrtUuisuKLVEQNMSFYqxpTFJjSJjEyWQy95x7zu/nIoqOL6XP7pzFh8NzHvPr76M/ipgvV52k1vN6tP1YjCEt8ss3n+89BRCLmhNHD/RuStPUGFPgv5IJBJ9z6cqDr4E1YNVKkiSpOX91iYwaDTNOf8885WIdr8Licpk7Dzrp0EFiujh9vJ8gxjxHY+chigpEBlw0R3/3PElpirpt4IMnThIGercw+c86Npa6EWl/VQwgQBQZrC5QKi7xpFXHhgznPV6bJElC05bpKkco2lbMC8AY1As25GTe0sotTjxBAJOjEogjg2p7qxGA6hqQsolGcx1KESsB6wPGlGg2KlRKWykUIlDzFiAyVArbeDTXQ1ar0KFV1psqfrGLuZktROt/Yio7Th5sO6AvA8V32Frew9LYEv72JIw9pHhvgb6uj7EhZ3v3IGcu7ieoNW0dqMJ47VuCCEGEnXaBOztSVBxOJrCtk2yr7mRw8yc0siaX/z224cIPtvLX6cWVWFUxwJG1YQFQGHrC7bHv+OzdrwgqBAkIymx9hqHtB1hxLW5N/1l//1xUjc0b9hrKG8m8I6gwVfubXDxecvKQs2wb7O49yEq+Gt2YHKnFadHUkbzzg559YMwzSsl8hg+eng19eAkEFR7Xp6lWNjM6c41rEyMLznPY/Pzb6PeiZr8LOvTyF1+pfdGZOYcTR+YdO7p3sW/gMDenrzMycX21YVc+mh3Wu+bVYbwt752Lmh/2Heq4ev+PR074dHZYxwH+NzBw1jSDFDpaEgbmh3Xy+f1Tcg5RdvF2jMwAAAAASUVORK5CYII="
35,Chery,2738,"data:image/png:base64.iVBORw0KGgoAAAANSUhEUgAAABAAAAAQCAYAAAAf8/9hAAAABGdBTUEAAK/INwWK6QAAABl0RVh0U29mdHdhcmUAQWRvYmUgSW1hZ2VSZWFkeXHJZTwAAAIiSURBVDjLjZM9i1pBFIbfuSqu+AFJY+PFNCkkQYSQLAprm8r/kGYhprNYG9MErNIFFPR3pIqQJpWk0iYqKnHXqKhcvz9Xr5MzE6+6sAQHDkfvzPvMOe/MMM45xGCMeSi5KUz4/+hR3JFuJ/8JwB7yarVajTabjb7dbvljQfM8lUp9obXPKBSpOwG8EeLZbMbn8/khxuMxHw6HvNvtSkin0+HpdPoAMcRMAMSC5XLJ1+u1zCKm0ykfjUa81+tJwGKx4GKTbDYrISyRSHymHzeGF0ZFIqgiJJNJxONxUPnIZDIPzDCbzZcKUW8ikQh8Ph9UVUWhUMCn9y/x8e1PlEolxGIxOJ1OOBwORKNRDAYDUDVHiN1uR7FYRCAQgMvlQigUwvdfLeTzV7i+DoB8QLPZhNVqRblchsVigcl0PCizoPv9fny9fYrcnUK2WHHlVhF4riGXyyEYDKJSqcDj8YA8EWUbvsmhCLLNZsO3hoIRLjBmF/ihOeQuk8lE9i6EZCyoXfldQA4AchXkNHYSysXpgpu57FPMPQZQFOUI0DQN9Xodl080ONhKxgvcolqtSpEhFidycmeOHvT7femsqv7BOzJRVNNoNPC71YLb7ZZzXq9XViMgp7tLQLvdTlOZH2q1GjPO/v7+Xmbh/um9CIfD4s08AEgR+/f1NfWY39/Kc8aOzAwq+9snGtvpur4U+RwxrV1Q1tnJc1b3z1k5swJdPO2/GZyOpOSiQJ4AAAAASUVORK5CYII="
36,Chery,2128,"data:image/png:base64.iVBORw0KGgoAAAANSUhEUgAAABAAAAAQCAQAAAC1+jfqAAAABGdBTUEAAK/INwWK6QAAABl0RVh0U29mdHdhcmUAQWRvYmUgSW1hZ2VSZWFkeXHJZTwAAAEYSURBVBgZBcHPio5hGAfg6/2+R980k6wmJgsJ5U/ZOAqbSc2GnXOwUg7BESgLUeIQ1GSjLFnMwsKGGg1qxJRmPM97/1zXFAAAAEADdlfZzr26miup2svnelq7d2aYgt3rebl585wN6+K3I1/9fJe7O/uIePP2SypJkiRJ0vMhr55FLCA3zgIAOK9uQ4MS361ZOSX+OrTvkgINSjS/HIvhjxNNFGgQsbSmabohKDNoUGLohsls6BaiQIMSs2FYmnXdUsygQYmumy3Nhi6igwalDEOJEjPKP7CA2aFNK8Bkyy3fdNCg7r9/fW3jgpVJbDmy5+PB2IYp4MXFelQ7izPrhkPHB+P5/PjhD5gCgCenx+VR/dODEwD+A3T7nqbxwf1HAAAAAElFTkSuQmCC"
37,Suzuki,2869,"data:image/png:base64.iVBORw0KGgoAAAANSUhEUgAAABAAAAAQCAYAAAAf8/9hAAAABGdBTUEAAK/INwWK6QAAABl0RVh0U29mdHdhcmUAQWRvYmUgSW1hZ2VSZWFkeXHJZTwAAAFuSURBVDjLpZPdS8JgFIf9F6UoieiDogKllUNhM4IIKYhCRAqlIkqKmYVGERZFUZB9kBgJ9uH9dARdeDfn6T3ndbJFN7kfPDDGe55zONvrAgCXE1zuacW7nK3UQ3ufIO8yku8gbZchuFWCwOYriBsv4E8UYCr+DMLqI/hi9yAnbutYR4JwumJEcyr8FyFybZAAO3fC2NIVkEBOfkAnGVm44AJp541eFItFAjOU0QhMvBAhms2m/Uz4rCVgC+tEMDB3ygW47b+CBSaGYdjA9M+ecAF+qt9dzU5YDCmRwMLv0jiB6Zs54gJx3T62dVTq1hI0Gg2bwCNnuEBYe2qPbB0TC6zout4G0x1Ic8Fk7IELBC+Bh83F4bM5DRZal9glprjAF83zreXvOCzlrxKBUVUVqtUqPddqNdA0vie3XwHzLigTKzf0Z40uXsJw+BwG53Nsy8e0KE8oC73SIfQED9jY+6yzAqwGUUjg+DY6FfwA5i1AjZKvAWgAAAAASUVORK5CYII="
38,Chevrolet,1222,"data:image/png:base64.iVBORw0KGgoAAAANSUhEUgAAABAAAAAQCAYAAAAf8/9hAAAABGdBTUEAAK/INwWK6QAAABl0RVh0U29mdHdhcmUAQWRvYmUgSW1hZ2VSZWFkeXHJZTwAAAImSURBVDjLpZNNSFRxFMV/M40TjdqUqZmCn0GURSSUVFIUVhtx2SICqUXRVqptRBERtGpRC2vVwo0QEUWaUElSRDEW5EekiU1+RKKDOuPMu/e2eM+Xpq28q7P433PP4X9OwMxYzQRZ5YQWwO0no74UNcMAEcDAVFEDUReLwrVTpYElBADFG8MYhikYYGqogS0iUYXB8bnlCsQMM29Bwcww89R4RKqGqiGZFSyIuBIxQ9VbXMDqkhTIG6oTbdTn76LnwSsLpOJNPoGJug8NVBVTvKuu9GJrpza7l3Vlp4lW7GFqaBt97S23fAJHQcVQ76p73cVb6KSu/Du50YNMfuslHEiTu76InE2lUZ9AHUXUfJ/meS7gHYcrBthQeYL50VbCkQDDsT4yqfTvVHLmwF8FDoio71/VyNe3HKv6QLSqkVT8HsGwQ1ZOGTI7TGZ2rn5vc8eAHyRHBBFDVFExsic7OFLynujWRlLxuwSzMqQT5fx8GeNh4jw1zR2xJb/gOIaIm4Hs6U5qi3oprG4gPdbCmrCRmi5jrOsjzyJXiU9FlkfZEUPUCP54zP7CfsSKGf18ByXF7GQJI6+/8DRyhUQwH7EVcuA4Sv/IHEeTbeyou09/60UGurpZW7qbxMQ4z0OXmJjKwXSGxfUL/NvG6+d2Zi6fvRAiKMRePGJ46OtMtCCv7viNnp6VyrSM4OShvGRN5ebQvu0VWNZ8d3Li15mGm58G/9fGP3sKXaMRKZvBAAAAAElFTkSuQmCC"
39,Chery,1989,"data:image/png:base64.iVBORw0KGgoAAAANSUhEUgAAABAAAAAQCAYAAAAf8/9hAAAABGdBTUEAAK/INwWK6QAAABl0RVh0U29mdHdhcmUAQWRvYmUgSW1hZ2VSZWFkeXHJZTwAAALzSURBVBgZpcFdSN11GMDx7/+cv06Px3ePujrqNHG6RYxazbEaxdquuinoIiLqtoIQ1nUrogiqXdTdroLIIroJ2l1GDW0uNzWcHdGpO2tTm1M3X875v/ye5+kIuwi6Cfp8PDPj//Bf+OB8XbYp/UtNqjyLeWCKmCFxTBjGxHFMFISEYYgrhkhQJCoG3F3dWMrnFp71O5qrp44ebMt2tjSwS83YJWqoGmKGiCJqiAiiRizC+OQfDT+Hmzn/wcaqbCaVZDa/ghPhytR1+h/rZWxilkMPt+NiZeLqdfr69jE8PEXbvmZElJ5sLZnWvfW+54GaUZb0WN9WCs6jIGWsF2J+Gp1DRFFLEFFJ6JWzdmeTjmw9ThXP8/De/fJXS7giCTW8RJKjj+5nIypHVBE1VMGJ4lSp8QsMDY0Rbq/hopjVW5v4l6bzr/Rm7KPG2qpkJpNtSZZXektzOZZW1oic4JwgosQCJ595gu4DXTo/vTW1vLWp13K/nfXMjF1vnv1h8MgjnS/1dnVQm06xvznBP7311XGCeJvu1KdMjM2c//rj15+jJEHJi+9/395Yl36+JdNIJJDew7+ELibb1Mf4xhv41bXHuM9/+vQ3XlrD73qf7KnA88FLUFPhMTB4HDNHpI7IOR6o76av9QhbwQ6/F0/XHT4x+t7loc/OeGbG2+cuyInHexJ/bRmdrdUc604zMNjPyYOvIqaICoqxcu8m9VXNXFz4kSs3LhC4sM6nJIg0sXznLvPLOwRhE0Oj0wQaIabk1+aI1eE0JpaYzXCLQ21PsR0XuLQ4vOZT4uKYWJTIOWYWbiJqBGUBThwtNe04FcSU5Xs3aEi3Mv7nCKOz41Y0DvuUBFFEsRjR1rQHcT5qxq3VkC8ufkKkEYGLeKjpAP1dpxjLDzNybYzmuZfjkW/PTfqULE5enSncXu0tq6hCxaGqJOMzpFxEhTNqTBgvDuAlKhnJXWZv/jXW59c/p8QzM/6Lrne8HdFkqqjSdftDW+S+vwHrxbCSH7ilcAAAAABJRU5ErkJggg=="
40,BMW,1366,"data:image/png:base64.iVBORw0KGgoAAAANSUhEUgAAABAAAAAQCAYAAAAf8/9hAAAABGdBTUEAAK/INwWK6QAAABl0RVh0U29mdHdhcmUAQWRvYmUgSW1hZ2VSZWFkeXHJZTwAAALKSURBVDjLjZJbTNIBGMWpth7soa2th24PStZD2bronPPByB6aa805iTFFYonGTC3Imk6YeEGnmXJVCg0UhFIMDf8Sm8IcNa9LEdF0y2kqvKU524rwBDZNW3M+nKfvO7+d7+wjASDtpsLk46zxuvCVBd0JfFaH+l7mhjXcig47uDnf1ZybcDJ+tjnUv9hyDNulzCLX7gnQwDwqWWyPxJKFje/91VgyxmJRfwquOvLXPQEUyYerPaMWrLxXwDeqweoHBRY+ErCVXJrdEyAp4XaGW8td/zbWBv9kO9ZcJnjsEhSnXTX+F5BBCWfJWddWJAwKFHfifRxaxLDkSdZPj5GHLx1CeDr5cNTfxwX2OSIq7/yhHQBm7Ol4Oeu6vzaFgu1qrMmFVFmK7m4CZrMZHRNalNmKESE4q77IOxOyBaihXXY85ySivegu3C2F0PGoMDwVwGohoB2qgN1uR29vL8QOIfTGFjwzVCOGE6XYAsho5NYZm35HYVarFdPT07DZbHC73ZiamoLFYoHL5UJFRQVm5Im7FzZi1cHpdKK1tRVCoRCVlZUbZwwODoIv5mPpxc2/gP1XxPmy/OytwjYXvV4vRCIR7hnoyNTTIauTYn5+HgRBoLy8/I95X6whPYk3smr3AqLXRvAb9dDpdIHiujE3NweVSoVDccqQ4K5cLl+emJiAUqkEm80GKTShnkrNNa91TvpR6gbYg0CaHUh9+wOC5hEMDAygp6cHckW9TyaTLXd1daGvrw/Z2dmqAOAIyVka+Wu4TQreGw+YFoBpWkeKfh1UtR9qtXoDEEwTPCdo1Gg0cDgcQQBycnIOkGbFcUttZQ9BF/QjwwqwugMJTACjE3isJMDhcMDPK0FTUxOqqqqCsWkMBsNPp9PfbTzSp+bMGKI4qSCaqjVFPhgCReAMaByUwjHEFYyAfOPVrPRRehGXy0Vqair+ffffyy28O7WhyP8AAAAASUVORK5CYII="
41,Jeep,2819,"data:image/png:base64.iVBORw0KGgoAAAANSUhEUgAAABAAAAAQCAYAAAAf8/9hAAAABGdBTUEAAK/INwWK6QAAABl0RVh0U29mdHdhcmUAQWRvYmUgSW1hZ2VSZWFkeXHJZTwAAAJJSURBVDjLpVM9ixNRFD1vvhLzxUiMCitiCjFWwrJuYaGQICgIgl2wSCWSIr9AFAsbQcVfYGEj9kICizGFgoUIIUENBDFrkLiDukw22fke7501MetHtY+58x6Pd+455973RBiG2MuQsMehzBa9Xu+57/tFCnieB9d15+E4zjxs2+a5WalUSowTbIHA5zRNa+VyuejQn2PRpqqqaLVaGAwGpVqt1owUEOMtXdcxGo0Qi8XmoEUgr4fDITKZDPL5PJPeoO2m6HQ6EXs2m4VpmrvkshUGCiEgy3LEnk6nkUwm0Wg00O/3Swqzs3T2yofi8XgUD+pbSJOYqeNhf0rDl41tCMlHKjFGEG7hh1mAZw7vKsw0mUxgGEZUIGYMggDb0wyKqydweTmFZ6+HuHn15K66PG4ZeBGcX5EoQZE3OBF3oN1uo9vtYmq7+D72osNrb77OgRZtmTZgbDpkLYDCrOyVgxNwsGdJIt9UQ9cPcL+6TKqoqJRApn+CSs84c+LsJJgBWXqhUIjmdz0JFqm48/QTKBc8ShRQhLO20pdQfyngDnCCWes4vPc2bN+DLKkMgcCOspCVhAEp5gvmQbEsq1Gv1y8s3LJoHrtnoQoF1UtpeIGzc+uZmHzHFQ33nqzjmzmBUi6XL/7rjl+5/TKkzoP6gUdvr+NA4iipkGBMP+Pa6Ye0ilOhnd9v4a9Hosg4dhg4lBqjdGoVurYUidi0lnAw6SGh0RmyJP73nFeqa6+OH9l3Ro/pJDlDNlwIKq4Iqdhiig/rH7FhuvgJMpVtkQoe5WAAAAAASUVORK5CYII="
42,Chevrolet,1330,"data:image/png:base64.iVBORw0KGgoAAAANSUhEUgAAABAAAAAQCAYAAAAf8/9hAAAABGdBTUEAAK/INwWK6QAAABl0RVh0U29mdHdhcmUAQWRvYmUgSW1hZ2VSZWFkeXHJZTwAAAI2SURBVDjLhVPfa1JRHPepnnrrT/Al6KG/YG9RD0EPFXsJCkaMHjMKIamVNQhqQW3LFqtZq9Yg1KXVcBhdZ9ZDgyblT9y8Z1fdvXo3Ua9D1E/ne6c3bUIHPtxzPr++5164JgCmDsJ+0/FI2BTu5v6n9xgSEZNWLh0BN9r6FfTTewyx1f3QqsOIre5r9ZvY0aM/d/U9Be+WHiO4PIg5n70mCEIizgM0MRQ4W+Bn93PPOJY+n8H4G6vUU8BFM8fYtL8I17ctTH7IQ9M0GBP5s1AowP5WguOjjIsTSYUyRsFXweNkjOHJooL5oIoJrwJazve7E2c8o/r52ksJDxc2YZlKgzJGQVAINPjC6y8qN8jwr5T0wJ35LByfZNx4JelnhyuPq9MMroCMZWFxxygICb5WvV7Hv+v6rIRH3k1YXzCDazabkGUZye+2hlHAVizNRDwKeo3Oohs53DlYnzEsCEWdU1UV8dhv5NM+KOFDfwu2QgcatcxtpJJR/WPlcjkwcQ0bG0wHFSuKgvW1FEqZpyAvZYyC7MjhVmFmGJXUXShMQEmcRU0cNaCJ97HN5lAV70FL2UFeyhgFRe/BhvzgHCTLKSiTQ9j2XkLlh003E2hPHGnkIS9lul9hp5a5hVLgCpSpC8jaBiEOncD66aM6aE8caeQhL2W6C5zlXye5cLPn6n3BPeSlTHeBmWOMo1aOHEMlfh5a+jI3j+igPXGkkaftNe/5Fzg5wGHjcHMkOKptJNocaQPdmT/bXw90YXDpsgAAAABJRU5ErkJggg=="
43,BMW,2309,"data:image/png:base64.iVBORw0KGgoAAAANSUhEUgAAABAAAAAQCAYAAAAf8/9hAAAABGdBTUEAAK/INwWK6QAAABl0RVh0U29mdHdhcmUAQWRvYmUgSW1hZ2VSZWFkeXHJZTwAAADrSURBVDjLY/z//z8DJYCJgUIwyAwoPZHJBsS7STGABY1/9e+fvzKkGMAIiwWgzRfF2ST0/vz5w/Dw/UOGXz9/M/z6AcK/GH4CMZj+jmCD5C70X2VkgWo+KcYqrqfArcTw598fBhluOTD9++9fIP7N8PsfEP/9AxUD0b8ZVq9ci/AC0Nm//zD+Yfj19xdY0R+got9gxb8RNNQAkNyf/0CxX39QvZC5M+68MJuIAQczJ8PDlw8ZXr9/g9XZIK+BNP/5/Yfh/sJHjIzIKTF2VchNoEI5oAbHDWk7TpAcjUDNukDNB4nVjOKFEZwXAOOhu7x6WtPJAAAAAElFTkSuQmCC"
44,Peugeot,2757,"data:image/png:base64.iVBORw0KGgoAAAANSUhEUgAAABAAAAAQCAYAAAAf8/9hAAAABGdBTUEAAK/INwWK6QAAABl0RVh0U29mdHdhcmUAQWRvYmUgSW1hZ2VSZWFkeXHJZTwAAAJrSURBVDjLdVNLaxNRFJ6VP6GgG7eCuBAEN65LFwUXLlyIEsUqKLgQdwXBhaal1YiYNK8mNCXBPBqIMYJJE/IqWeRlkyYpDc2DBJMmpU4TSqNJ+nnPpS06qRc+5s6Zc77vu+fcEQAIUoTD4Tdut7tuMpmOCLSn2Fm5I4GVlZUxq9X6G5JFMYvFcuFMgmPFMlMbMsDlciGfz2M4HGIwGCCbzfIYfaMcyj1xxAkYe+9vtUqlAofDgfX1dQ673c5jEkc9TuB0Oo0MyOVyXJEQi8Xg8XiwvLzMQXuKkZt+v49MJgOqWVxctAhMqb+5uYlkMolUKsUVSV26ThwlEgmEQiEEAgHodLq+wOyJ3W4XOzs72N7eRqlUAjsftra2Th3RPhKJoFAowOfzcaTTaWi1WlGw2WycYH9/H3t7e6hWq9xuPB4/7QGpUhOpMBgMcpBbjUYjUgM5gSiK2N3dRavVQr1e56p0tGg0ygvJMjkjJ0RAAmq1WhTYbH8dHByg0+mg0Wjw4nK5jGKxyEdJyVSodSjwXHUXj97dxD35OOZML6FUKnuC2Wz2EXutVuPHIBLqBTkgAvr28dMsXtnv48uGEt9/eKHwPcFtxRXcmZ6oCWxM59jlmFpaWipSd5vNJtrtNm8mEZB92ewEXNn3cOU/8InMr05BsfoY15+ePzy9kkajccxgMLxms/25trbGSYiMGjg5fRVfN/T/jPVzRkkEoz+HXq+/zOZrZiM6orvh9/tx49lFzHkfQO6V8WL5N9moAylYh8cXFhYCKpUqOvnimvXW/CW89T7kyvSkd0Yw/18CKVjyDEOHbB8/Zyj+B1XaG3VPBqIRAAAAAElFTkSuQmCC"
45,Chevrolet,1029,"data:image/png:base64.iVBORw0KGgoAAAANSUhEUgAAABAAAAAQCAYAAAAf8/9hAAAABGdBTUEAAK/INwWK6QAAABl0RVh0U29mdHdhcmUAQWRvYmUgSW1hZ2VSZWFkeXHJZTwAAAJhSURBVDjLdZPda85hGMc/v+f5Pc8e2wE2QtiMyZh5K4RSpCkHxJnkSElOxJFy4kDyF3DopR15yUst2pRpJw4cSJLETCTb0mxre57f775eHPyevdBcdXfV3X19ru/36rojd+fwuZtt7n7PYQRnt+O4A+5kyaePaSAko19e3rm0GiAme3DaobV9Q2M0NDyK+1QRZDDDDX6PTlBOHPO4mWpkANjbvmFltG/TShqXteMZAXPLulrWffGCWmpLMXuOnOEvAO4L29uaePr6EyMjk7gZADalwh035/fYJJUkZXZULRDFxZi1G5toWVKPKrgbZo6qo2aIOeVK4O793rkAjqrxdWiMYq5ApVIhJCli2b2QJy4UWVRXg7nPAQBMDdFAkiQc3dGSyc/U4e7cevGBUCrwT/2MgqCGBkE0R2fve5IgiDoqhhBRKBZJJRvqnAARIw2B1MBzNUSFAuQciwwzI9WIVP8LgCCKVIQkKKJGUKvmDL5+4BFrPj5g29AAv4olujviix3dcm1GgRohCSRBMzvqpFVIa/9jdiV9tJ48Q01zG+W33bzv67nSc6AwkZttIaQZIBWjHJQ0KIkYy991sm7fMUqfe4luH6e2/yGrmhryHvn5eGphUlEkEZJgBDNUnGBKCM788UFKS5vh0IUZ75eXkbdo1fQMVB1NNbNghogh4og4Y7UNTL7pou7JWZLyTyaB8bE8mufH9AzI5di+cxMeRag6oo5V8+iWE7x71UVj/TzifIHxYWFgMFLHr08Bep51vTqV/bxZ+4+Dw3NfwX7byuZvPTSkYPncd8dvHOyWq38AFgvYQWlFsCQAAAAASUVORK5CYII="
46,Fiat,1339,"data:image/png:base64.iVBORw0KGgoAAAANSUhEUgAAABAAAAAQCAYAAAAf8/9hAAAABGdBTUEAAK/INwWK6QAAABl0RVh0U29mdHdhcmUAQWRvYmUgSW1hZ2VSZWFkeXHJZTwAAAMBSURBVDjLTdFNaJt1AMfx7/OePGnypE27LbNrcbpZKagTqQ6ZjsmGOETxoKiXwURlgkz04sGDeFGYMhEv7ii7DAU9dXOgMCcOy8bYRLtRN03b2JekadO89Pm/eulqv/C7fi4/x1oLwJFvp8eAkzuLmb0daehIgzSGrjIrwCpQAzTQAOrA18APPusZpR59cFvP3nefHGBzbWGSjjBJY00PCgmrqebvWovxv9oHgeObga2F0AFgelkTOA6+A54PUeAyFLl4rkvgwZ7BLNuTXN+p36qfbgBjhQujh6KfWLpu8YXBaEOqDVZLIIdz3wkIt3BX4vH+6QqfvDrMr7eCAR+gfvWAN5obHS31lvGCATJSYaVCiy7dxiQrpRexth9PgAEc3eTSrQZXKitVF8Bqs2Mk/nNnkB3GtP/AcXMYrVhbvsl8zyus5J+hnUJbGrAw30z5/PxUUwtxxK9d3h9abV7L94144GG6c+CnNP45T630Fq3keZDgYfGti7GgA40S6u7v33l8yTda77HKvBHld2FVF7wySIk2Hn63QjJzEtQaxsmjyi9g7RAqTdFSaQDfKvNFpvRIf7c+iVGGML4XjE9p+wHi+nW0FDSrV2ne8yFuVERqTavdUUATwDVKn6nevnbquysxNtzNwtQ5VNpGri0jOjUW9DD1sXOIHS+RzcbUWykqFfNnP3jaArjlJy6dOPbjsc/GZw+S7Hod0hadhd9ZrFzm396jNO//GJUZBgux77LY6KJFWr1zv7/v+Ol+4KOxkSFmfn6bMOpjtlumNvIVYTZP4FiC0CH0oBDD1HQHJcT8BqCFeAo4vFoZZ3nLFBfSo9xQj5HO1hFqEaUNxlr6koQ3D21jrt5BC7H4PyDlw8/tfyD73uFeLM/yUHE3ANqC1BahAAtfnq0SB7Da6qClrG8Gbs/VVjgzkVDsyVIszFHMRSS5iHwcEoUuke/y8r6tRD4sLq2ipZzZAIxS31ycmBy8ODE5DJTW17u+JBMGQSYTUMhlKRZirt2Yvgn8cgf4D/BEgoyc1axMAAAAAElFTkSuQmCC"
47,Jeep,2167,"data:image/png:base64.iVBORw0KGgoAAAANSUhEUgAAABAAAAAQCAYAAAAf8/9hAAAABGdBTUEAAK/INwWK6QAAABl0RVh0U29mdHdhcmUAQWRvYmUgSW1hZ2VSZWFkeXHJZTwAAANsSURBVDjLdZNrTNNnGMWb+M3wRaObc/plSxYToiZzc94quCGCVRfMnwYtUiyuUhUQKqtcCmhatAgEaKlcBNFSBYQ5lSIgQ0GFttRCL0BBoAVUVFKo/UtLBXJsiZp5+3CS98N7fjnnyfNQAFDeK1uf6nVGm5CSquS28VqPzMY0RcweVjDawmqC+QevZi6IvfJk4f//e/ThkalL8RFqTg7dHqhFo6UJiuEGdLzU4oq2HISMJo0pH+VwLpqHIgoHfD4DZHQlB1V0l+GOpRFl/VdxXMsH91Eqavr+xd5LO62MkuIfI0vN1tLWcXAvD4IQ6YI+AESdyYtPq0+QzcPNEBklYKmjEa6KxvmeUkhbxNgh3cZhXxiSZteOQWEgUXDnBWhpHeR23sPF8wB3X4Gi/xaKTJfBVEchpI2NeE0aZFoZ/MU+naxC489h4r7Zmzo7shrGUaWy4fgFE6hRTYJ5QHxLZGe9uRFRmkTsc5vZyjjI+isQVREJavpvWw7kme5nK56hWmODpPIaTPIQPL4hRFeJP3T53mGUo/XhrhuWOsRokiDS56Gyrwbn6kXYJPi1hJHbS3f3dVQqJ1FcXYaxZh5s+lqAfIpJfTXaMwOeU8Kv023K52pc67sOyd08+GZtsm48/UtKfeypJbnx5cvcffU1dXKMG9PgGr2JsXvn4DD8g1nLAxgusp0Uunx3p/hujqfvS5+MDXGKWGLlNJOZ5AymW6doe1bzMnLMViMfc44HcAweg9U9p15ZBJTSgzPqvKCfKLuK/Lh+uVS2IZ71vYv9V9Z0aChJpiTjdcg+jGZ6cyYMCZhztmNqgAnnCAP2nkTo82kgGAnF80Oc+fvEojfHjha6WCzXa6EAkxUyWOVlGGRuwVgH7505DM7h/XhlTEK3JBB+BH/qO9+MpfOAN0c4S92RSXthPiaq5Hh2Kgn94mj0KuLcsVvhNEdgeuQAbO4kPZIA+IcWYNnWs8RHm+jYSxAki4WJVD406Wx01yVCdzsHT1TBmDIzYO06iUc5NKzfnTbyLTU94Iu3YN/su/3Vug1DVaI/ALsFpiICzYnL8bAgELX8za4/6dzz31CFXl89Jo8mVq3xEhzynnO1S+BS5UIl3IaqQyvIhoQ1az81fhHgUTB1kfMMc9XMf2cDZ5qyfm+5xVv9w9fMHr0Fh4yy26byoRwAAAAASUVORK5CYII="
48,Hyundai,1806,"data:image/png:base64.iVBORw0KGgoAAAANSUhEUgAAABAAAAAQCAYAAAAf8/9hAAAABGdBTUEAAK/INwWK6QAAABl0RVh0U29mdHdhcmUAQWRvYmUgSW1hZ2VSZWFkeXHJZTwAAAJcSURBVDjLjZPfS5NRHMYHQn9AIeRd0za9KEMi7U4oiIZRVFSUVJvbHEyo1GXrB8XsYpDWwjKardKZ3WjKa+p0iTo1jVgs1kusWKQ3XYwhw/3+xdP7fWXvfHEXHng4nIvn+X7OczgSABKPx3N8vkODGaMCTlUFJBJJ9Ta1h8yVbrc78nV5Ed+WXZi8Wo5MJrMt8SFGo3EHwzDKKbMOn3t0mLxSjng8LlI0GkUkEhG0vr6OdDq9ESAmmIOjXr4lIBeSUzgcRiqVEhM4HuqwaG2E46IciUSC152BVRj7V3GLU5t9BW29KzBwIgohQCBY2iAYPy9HMpnkReb+uQDsnPpmA+idCaD5zV8+gKhEBOPtjVh4ocXYORmfTto8tZUzttj8uP7Kz3cQi8WyBQlGz8j4giggdxUSTaS7kzkUCmFtbS3CBRzMEzzQYv65BqOn9wrm1rcraH79B9d6/Giy/ob+5S/on7EIBAIIBoMFOliaA3OyjA+gDnKTOVxMfBnCTasSjU9OQfVIAcv7dhQVFR0WCD7e08DVpcZIXZlQIonMH1x2mAZVGGO78f2fE5ZPelyw7MeB+uJ3IgI3RzCsKBVKJAJqvIGbyPx4CuZnF2h1TmthmdahRl+SzBPcVmPWosLwsXwATafiTtytwgRrw+Y16u1GTVMJthAMHZUim83yL5EjqL1Rig5nA8xOJW82TynFBAaDQTpQtw8jlw9h8IgUfr8fPp8PLMvC6/XCZGvB2c4KPHZq+Mm005nvgL4zSSnbWXu/ardJLd+lKfR1Ky8V91XrS6KETTud6Tv/BxVpxDzfgUo/AAAAAElFTkSuQmCC"
49,Peugeot,1609,"data:image/png:base64.iVBORw0KGgoAAAANSUhEUgAAABAAAAAQCAYAAAAf8/9hAAAABGdBTUEAAK/INwWK6QAAABl0RVh0U29mdHdhcmUAQWRvYmUgSW1hZ2VSZWFkeXHJZTwAAAJYSURBVDjLY/j//z8DJRhMmJQd+x89/W4IRQbY1x5L8590dzmy5PuIqC4gfvA+PPIyEMfhNqD06H+L9gfG9p33/jr23OMEiX30DTj8yT/oFxCf+hAYfBeIfwPxIyBWwjSg5Mh/tYZHzDr1D34aND7Y9tXOsf2Lg/O/z85uNjCFn908lT56eH985xXwzXvygwYUA4yLD/9Xcm+QlS572JWesP7XVyOL79/MLKci22Rc/6DXvPH+X8um+79t2u7/tOu4/w9ugFHxof8wha+1LP89NHT9iaxZIf/BCpWie7/Vi+/N/25kqvrN2Oz/suiO6QgDig6ADfgtJrX0p6TMb1u/Xd+5Eh9M4k16yCyQdH+HYOK9H6JJd+tgBv7U0j3wXVvvA9wAg8J9/6sNAvT/8gr++8Mn1MYQ8aCFIfzBf6bwB3+Zwx/8Ywu7H44e+j8VVX4hDMjf+/8/I6v/fya2OyghHHCn3GuRw3TvJTZnPJdYnXVbbA436Le49Aa4Afp5u///ZGAJ+c3AIg5T4DXT0stjpuULj1nmD9xmW6x1nWu2z2W+6RenBcbxIHmga6XgBujl7vw/R1TDAabZscNommOn0UeHLsNFDj2GPDBxh37DDrtJ+u8x0oFu9vb/liU6khal2jPNS3UfAem3FmU6Gej+tqjX5rBo0rln1qI9GdWArG3/jTI0/Q0z1N3UAyxdgTQ4NQpreMjCFAqpOoHZRvnqUhpROhmmxRo8cAO0M7f8187Y/F8rYxMQb/yvlbYBiNf/1wTh1HX/NUA4ZS0Ur/mvkbwajOEGUIIBf5BxjDvwFIUAAAAASUVORK5CYII="
50,Jeep,2251,"data:image/png:base64.iVBORw0KGgoAAAANSUhEUgAAABAAAAAQCAYAAAAf8/9hAAAABGdBTUEAAK/INwWK6QAAABl0RVh0U29mdHdhcmUAQWRvYmUgSW1hZ2VSZWFkeXHJZTwAAAITSURBVBgZBcG9r59zGAfg6/4+z+/Xnp6qKol2IuKtNmlEDMLCQBeDySIRGxuDRExiszXphkTS/8Bo0DJIREQQSVkk4qWqDY32nPM898d1VRLPvHPx5Z1jh14a5QwOo0AhRdrS/fP1q/m0/rn25qXzZ/cBKonn3vvi0sevnzk9Rh0PkwCQQFy5ceDCV9f9/svefz989+OJz8+f3YMZxlQPbefp+Pd/mkYVRZo1bVni5sHq6Qdu8/iDsy/7ypH0w9eeeu2TOz479/zegKo6mmTaTsNmMBfTYCqqGArt1LGts4+dcu/9h3bmY7sfwoBQMDCKUWVUGVVGlTGV3/6+6Z6jBx45UV594k7TZnoRZoCEeaKUVOk1jDJPbDP8dDX2e9G978n7Dql5LDBDQjDXEBHUKIU0mQZbRpfuSQxqgBmCRhWlBEGazQSoodaSEY0EmKEXEhqFJGAMdJmnkCJEWZu1gRm6IwkhAkCAUirMg8bhDesSMMParCFNAwjosDZBhxSbaVj2FzBDL9GJk2+/IoqgVyrSgLQK0B985GCvwQzLslpXtneftHv6NOsqvdIlCR3SKu3G5cvScXBrATMse91Ldxzs141vv5EVvYIKLSoINWKeRy9rLzDDwa31j93tdNdfb727m2QIDbh9ZwYJO5uhSm+m+ndd+leYoSrvP/vGxReq6tHIEQAhiAABt7r763m4AP8D8JchsxSnIZQAAAAASUVORK5CYII="
51,BMW,1198,"data:image/png:base64.iVBORw0KGgoAAAANSUhEUgAAABAAAAAQCAYAAAAf8/9hAAAABGdBTUEAAK/INwWK6QAAABl0RVh0U29mdHdhcmUAQWRvYmUgSW1hZ2VSZWFkeXHJZTwAAAIMSURBVBgZpcHNi05xGMfhz/07hzTDiKZmEmLYeM3iKTKUiFhY2EhZ2NjIBgsWYoUoSWr+B7NhY6GkJBRhYSMvJYRSFDPPi3N+9/01Z2Jvcl0mif9h+46PH92yrXXpe0f9EhCBIvBwFCIUyJ2QkDsewcDsuv3y5adTN67sHytbo61rs+b0p6E5zER/u+PXgLGyUyt1vk8yU91aiSmlXJw/uJKZOnzxPY1SChpVdgQohAcEIkJ4BJ6FZ+EKKhfLh+fh4TRKJBqWDJNQMmTCwkjJMEuYOVaIIhJlFo3ITiN5OI0EmBmWjCIZqTAsQZFgVlFw/tZuTt/cjIqaRnjQSAoxzYxGApIZKRlFYRQGKcGvXLF4cBXHxjdS5R4RTqOMcP4yM6ZJnLy+DSlTRabKmUULVrJqeCMTvTZ7x0ZYoKs0ylzXTDPDAEmYGTkqdq45hCvwcALx+cdH1i0eZbLq8qx7iPXnDswv5UGjAMQUM5Do5QpX8P7bG+rI5Kipvebnrwk2LNnKZN3h8bsH38qI4C8DjClm9HKP7JmhgaXkcFzBlx8fWDh3mOcfH/L47Qs6Tsv2HR8fH1qyaH+4Ex64OxHBz8Ej9KqKKip6uWLF4Go2jezi6YdH3H/1hGXdE7fvXD6zxyTxL9aeS+3W0u19917f/VQFOz5f0CummCT+xchZa3sUfd3wka8X9I4/fgON+TR7PCxMcAAAAABJRU5ErkJggg=="
52,Chery,1801,"data:image/png:base64.iVBORw0KGgoAAAANSUhEUgAAABAAAAAQCAYAAAAf8/9hAAAABGdBTUEAAK/INwWK6QAAABl0RVh0U29mdHdhcmUAQWRvYmUgSW1hZ2VSZWFkeXHJZTwAAAMGSURBVBgZpcFNaJt1HMDx7/MkbdMkzZK0SZxLmlZc07pN+3KoVcEdehR0ysAd9OZBvCmIIIhMPMjQswheFF+QIVitJytTRi0r2crqbE1dbddtVdq0WdbmyfPy//1MQRS8+vlYqsr/EX767elkvif+QyLankctUMGoYnwf1/XxfR+v6eK6LoHjYpoOntOktrV7e31pdTJczHYtThwr5PtzaQ6IKgeMKCKKUcUYwYhijMGI4hvD5YVf0hfc+lL4SHcsn4mGqKz/QWAM5cU1Hh4bZP5KheHjvQS+cOXnNYaG+rh4cZFCXxZjhIH8ITL3HE6FLQtElbaQxc6e0AgsGqaNnYbP93MrGCOI2nh04lrtVLfrFPMpAhEsy8J68+NZtQMHWxTLDjExWmLXa8eIYEQRgcAIgQiJcIOZmXncvSqB57N1q06oszR5PW7vjUc7aGRzmVgmk7V+W/mVlcoKGxs32LixTnTvJ06Ep3DjIxCJyd3a9tXqnfrmcnnuVUtVOfDSe998Ov5g/5nB+4ocikcpZW0OSOBw69IbxLLjLK5uMl8boTy/OP3ZuRefoMWm5fRbX/V2J+OncpluPAPxDv5RW5umMz1M4vAIqf1ZCgmHtnjPI/zNPvnK55azUzs/2J+LYIXBsklELA54d29SrUzR1ZPE1KcoPPQceWeGviPx1Nijr71Oi33h3Wd1cKh/LJVMsVnzMSJ0tlmgytbSF6TvfxKal7n00SfEkw6xWplirEZXOnmaljAtTU/sze0a1zf3abo9zMxdIx0s81TfDpn+DKb+O6hg9ubpP/ky1W/fJ9peaqfFpiXwfXwjeEHA8upN7uw3OabfkewdRhpXUXEYe6aEeLeJRCocPTHJY4WNo7TYtDQ9D8fxKPR0UMxEmEgsUBoYJdq1jQZVsEKUv6wAgjQrZAaKjCZXQj+ePf6Apao8fuadpdy9ucG2SAwxAS/kPmTi+Q8I2WtosAso/7IJdZb489oCla/PnrdUlf+aPTe2rUaiKoqKoCKoCCqKiqCiIIKqlv8CsLWQKDaepcQAAAAASUVORK5CYII="
53,Honda,1023,"data:image/png:base64.iVBORw0KGgoAAAANSUhEUgAAABAAAAAQCAYAAAAf8/9hAAAABGdBTUEAAK/INwWK6QAAABl0RVh0U29mdHdhcmUAQWRvYmUgSW1hZ2VSZWFkeXHJZTwAAAJFSURBVDjLzZLdS9NRGMf3Fwy6jLrPKKerSAsqXzKn0xY4ZrIhbvulKwtrOCdYuWDOza02Ai96AxEEaXixTMkllDdKUjhrrmDMlMFGuLbTXO7N/b6d3+rCYFLQTQ98eTiH83yel/PwAPD+Rbz/A8D2dsupvlIRTjmdluS0XWT7WifJXu4gGUZN0q2tJHWxhSSbpGSrQRJJnKtT5AE0QEaVwMwLYH4eWF4G/H7A50Pu9StExsYQHR1FfGQEsQcPEXQ4ELzdj83T1Yl4+SkJB3iLJ4+AyUnA6QRWVgCPB5iYQE6nQ1CjQYhhEFWrsaFQ4F1jIz6ZzfB33QARlgU5QAnbo11kLSaAZsP6OvI2N4ecVIqQWIwv9fX4RrVaVYWPAwNYZdpBSo6HYweFsvwMaL97aL/TOUM/4HIB4TCwtARWLkeEBsYoJCYSIWAy4bOSAREcC0SLSkt/+4Wspp2fUammtvV6YGEB8HrB0tJJTQ0StbXYGBrCGg2OHT4aiB4QFBf8xpRcwU/KmqcyPfqfADqDRGUlUlYrnhoYdNtlbPs9CVqMFfG6XsHNgnuwdf4C/7tI7E733QI7Po6sxQKnQYk7TiWee4fhCblhf3kFzfZilHXutRVcjs2Ks/vjJ8/409puJK9roTJWw/XBAZfvfn6+ttlLsM92cIDkrhtGjpQfov2+of2uNfQJMe19jJ327P0wB/i7dT1xdV/S6lZh0N2WDx6caftzBTtFHxqbbEW462bymTnPnXedwS4QM1WcK/uXN3P3PwAfNsr5/6zP/QAAAABJRU5ErkJggg=="
54,Fiat,2151,"data:image/png:base64.iVBORw0KGgoAAAANSUhEUgAAABAAAAAQCAYAAAAf8/9hAAAABGdBTUEAAK/INwWK6QAAABl0RVh0U29mdHdhcmUAQWRvYmUgSW1hZ2VSZWFkeXHJZTwAAAMPSURBVDjLpZPba5tlAMZ/75cvadOmzdI2jTNp03TDJM457fAwmYeLyUBU2EBRmBfzwgvFK/0DBBF2oxc68MKK4EAKiqBUGV60qY4yWbVh2cza0nXFmqQ5NS1pvuP7fl50ThG88vkDngM/HuF5Hv9H+un3vtuXGArN9fcEEngCPIX0PKTjYFkOjuNgmxaWZeEaFtI0sA2TVm2rtF68eUJPDvcVjh0aSaRiAwCo242k8lDK2zOTCqk8pJRI5eFIya/53wZy1k5Rjw/2JqI9PpbXK7hS8kvhFo8ezXBlcZkH7hvFdRSL126RzY5x6VKBkbFhpFTckwgTvWt/RBdiL9XvEzTbio4r6Eg/zY7DzOUVpFQoT8MmiCUCNOo7JBMRXKUQQiDeuTDvaa6BpjyE5uPYRJotO4BU6vYMcKXCVYqknCVRmcYXOsxufY4vF+PoP19ffyUT9c4Nhnt90Wgi5gsERWmlSKnSwHYlriuRUpHuX+RQWhI8fIZw6kFaa2lO1ie3xV8Y3/hg+otH7k+9nBlPEg71kB7W7qDqlL/HaF6hLzxBc3WJ8OABAn3DFGc/N3WAF979ZjQbD5+KRQexJYS6/uZs1n/Eal4mMn4SqzxFoEewnr+BY9oN02g/pj311pQwmq2vMqlYN0IHodHfLfaSN3MYlYuEDzyDWfoE4d/CH+rD61T48Ifg1ENvfr2s5d5/yctkU0cj+yKUWw5SKYJ+QaX4LTu/XyR88HnMPz5G8zvYO2OU5vLMhl5nxUgdB9ABTFtp5XqL1fIupjVEfmaSE2Mlsk8+h12ZxBfwMLeTlOYW+Mw8i7QFmrajA2gAruPgSIXtumwuXODpZA1JnHLhIxQmu804a7mrnN86w8ZuD7om0AOBg/9oYGMYNiNDXeyv57j3+KcsTb3N8k/zdI0eYbdRphB9jaG7h4koRadt4No2dwzW8tdudKq1jL+7l0ytin19mtSRx9muNVhdWGIm8CrV1Rp4myilMNttqhsb5wHEv+/84hMDxsR4TH84m8LzW/NGtXb22XNXb/7Xnf8EvI+SIusIR2cAAAAASUVORK5CYII="
55,Hyundai,2807,"data:image/png:base64.iVBORw0KGgoAAAANSUhEUgAAABAAAAAQCAYAAAAf8/9hAAAABGdBTUEAAK/INwWK6QAAABl0RVh0U29mdHdhcmUAQWRvYmUgSW1hZ2VSZWFkeXHJZTwAAAIqSURBVDjLjZPNi1JRGMan/ooWDbSKNq2sgZqh0UgqKVoOU7OooEWLgZi+JIaYGolaRAS60JXuxJWoIC6E0KAgAzGbCqpFmua393qv9+PoPJ33THPHcYy68HDPvee8v/e8zznvFIApEn8Octm4Zv6hQ1z7rbgRgE3X9S5jbDgYDDBJfB5er/flKGQUMEPBiqJAVVVLkiSh0+mgVqsJSLVahc/nsyDbwfsIQAs0TYNhGNDevIX29BnUxx50u13U63UB6Pf7oCR+v38LMg6gYCOdhnb1GgaeVajnL0CWZTQajT0lCU/GAea379AWFsHu3kJ/4TLUO/etUprNpthJpVL5C4Ax6I/WwVbvoe9+AMazMvrHzSMI7YT8aLVakwHs8xdoS1eguC7CeJUBa3fEwkKhgEwmI+pP8/Ly+fxkgP78BZj7NgYP3ZDn7FDXPGJhKpVCuVwW/tA7HA7vBawdPrJEmZl7hQc7IJ2YtwCxWEyUIgzmCgaDuwF157kDlVOnC+bKMmS7E8a79zA3PsEs/0Q8Hkc2m4VpmkLkB5URjUa3AMpZ1+uew/lVmnMw/cZ1qOtPrGOirKVSCclk0gKQQqGQOFYB6NnPKPKsfdNYvgnJdQnsV23XWRMkkUig3W6LMSkQCOyUIJ+ch3R8Fj+O2j6YHzc2J/VAsVgUEBpHIhHkcjkaDy0P/hh5jBuk0sQ4gO4AXSIa09b595Cv7YnuHQFME+Q/2nlb1PrTvwGo2K3gWVH3FgAAAABJRU5ErkJggg=="
56,Suzuki,2457,"data:image/png:base64.iVBORw0KGgoAAAANSUhEUgAAABAAAAAQCAYAAAAf8/9hAAAABGdBTUEAAK/INwWK6QAAABl0RVh0U29mdHdhcmUAQWRvYmUgSW1hZ2VSZWFkeXHJZTwAAAJvSURBVDjLhZNNSFRRFIC/N++9eWMzhkl/ZJqFMQMRFvTvImkXSdKiVRAURBRRW1eZA9EqaNOiFlZEtQxKyrJwUS0K+qEQzaTE/AtLHR3HmffuvafFNINDWGdz7z2c7+Nyzr2WiFAIffaMBDW1+B0diAgYgxiDiCDG4DU1QfcLos+fWAXGYUGIUsXiAliUFER+sBAhVCIIVB7QGtEat1oTbcwVz2LMfwR+gPg+oY0bEa3x6sHdUoVdniMUj0M2i/j+PwVJa2QUu7YWp34D7mqNWdNApD6Ks24dpvcL4gfJRQXevbutjI4lGRzCS9iYukPo5dvxVqWQvn6k/2uyoudd60LGEhG43VBGyI4j2ADZ7vDJ8DZ9Img4hw4cvO/3UZ1vH3p7lrWRLwGVneD4y6G84NaOYSoTVYIFIiAGvXI3OWctJv0TW03jZb5gZSfzl9YBpMcIzUwdzQsuVR9EyR3TeCqm6w5jZiZQMz8xsxOYzDTi50AMVngJNgrnUweRbwMPiLpHrOJDOl9Vh6HD7GyO52qa0VPj6MwUJpNC5mYQS/DUJLH3zzRp1cqN8YulTUyODBBzt4X6Ou870z2I8ZHsHJLLYNQ8jusQ6+2exJf9BfivKdAymKZiaVdodhBRAagAjIbgzxp20lwb6Vp0jADYkQO6IpHfuoqInSJUVoE2HrpyRQ1tic2LC9p3lSHWPh2rJfL1MeVP2weWvHp8s3ziNZ49i1q6HrR1YHGBNnt1dG2Z++gC4TdvrqNkK1eHj7ljQ/ujHx6NyPw8BFIiKPmNpKar7P7xb/zyT9P+o7OYvzzYSUt8U+TzxytodixEfgN3CFlQMNAcMgAAAABJRU5ErkJggg=="
57,Fiat,1255,"data:image/png:base64.iVBORw0KGgoAAAANSUhEUgAAABAAAAAQCAYAAAAf8/9hAAAABGdBTUEAAK/INwWK6QAAABl0RVh0U29mdHdhcmUAQWRvYmUgSW1hZ2VSZWFkeXHJZTwAAAEMSURBVDjL3ZLBSgJRFIYvtO0BfIPeI3qBNj2Cy1rWzlWbkcBNYhC0TletJKOFq1lIILhQJCywaDZOkINiGl/n3DNj6LaF4MDHGebc/5tz544D3H9w2yAI3LkQp7UgREJRSIS+0BJqwr6QTzkWulqdD09juD3Ah5PI7r8TiPvw0YJeDUq7cJ83NDzqwmUOFUyYT/ASfasGm6d4kQo1OB3JszN4fTDujuBrqP2hW4baVxbMBIuZTfAeQucGxm/w+WzB6AleGipo/Am06hTrEwQupLhjwkFdtlOFnzlc72n/cFWgQb3WJ8i22a7A44mtCfQQ7BSyL6617BtWZ+kphMKFlwSusrJmW/7ETQt+AQhq/TxibW0lAAAAAElFTkSuQmCC"
58,Chevrolet,2928,"data:image/png:base64.iVBORw0KGgoAAAANSUhEUgAAABAAAAAQCAYAAAAf8/9hAAAABGdBTUEAAK/INwWK6QAAABl0RVh0U29mdHdhcmUAQWRvYmUgSW1hZ2VSZWFkeXHJZTwAAAGdSURBVDjLlZNLSwJhFIa1Rb8iIWhRQUlluuoftDEtC5TKSgINily1CmoT0kJBqwlSaBGBLVxItGgZQQQVFe3bKN7wOjqO2tucwRGvqAMPMzDf+8w5ZzgyADLhGhJQCWi6MCwwQBkJWVWg4jguVSqVKuVyGe0Q3sPtdruaJZJAQ+FcLgeWZWuk02kkk0lEIhFREg6H4fF4GiR0yUlABwqFAorFongnstksUqkUotGoKMjn86CPMAwjSloEFJYgAQUymQxisVhLS9WZyBsEQhu1A/RMfUutxONxsZJQKNRZ0Ey9hCqheSQSid4F9RJqh2ZCor4EBM/z4lxIQvQtoCp2HtexfW+CObAM062uu4BCElSBJWjEzc8Vrr8Y6L3zvQsoTKz6F+H7PAPz7oLRp8eodmSjp7/geDqG2b8Me9CK8zcnXK8O7AWsmDtUF9UHUw/1gr+2O8BzsPm3YLvbhPPlBI7nI6xc6jC9P/Gr3B0flHZhVpgyKwQ6LpPFtwaTdwmGCy0MpwsVWsD6ZVKQpNs6z9iV35PWsY/q6iso+w9crJoc0rRwaAAAAABJRU5ErkJggg=="
59,Hyundai,1565,"data:image/png:base64.iVBORw0KGgoAAAANSUhEUgAAABAAAAAQCAYAAAAf8/9hAAAABGdBTUEAAK/INwWK6QAAABl0RVh0U29mdHdhcmUAQWRvYmUgSW1hZ2VSZWFkeXHJZTwAAAJXSURBVDjLlZDhS1NhFIeF/oJBEK5ISiIJsaxkTAQTR8wSacY0xdlmbZqkTZ3cmmKprU3naltOd2u5UtFSAiuSaAUVGEKDvphtXuVu79xttfB7Ef16FwRhG+mH8+H9Hc7zPuekAUj7u9omQ2ieIGj0hqB1B76s76+vf4KmCeFh3wzBxekYVGykYdMALbsEtZsfrR+NQ+mK5m8KUOchUNk/vqlk41srB6MosxLDhgHqkdhAw/AilKb3/YrO+cKqQQK5OTS2IYDKE9uvcQZQ3u0vSrz1r7T3au/3obh3Zf6/gGp3dEjpJFCYPuC4Tdimf33Wa39ngfVtLxS3ulHuKdkid1RFi52EOWInvgIb8eVbyZTUHNYlPWLj89M2y9wVzC7PoPNZO446rn8/NrQKzVgMBVaCmhEBFx58RgW7igM9vC6pVvWkot842wL73CyUtwVox2OQ9hFLopd3lbdovAJOuaPY17HCpNytxFH0rfXxC9TejUHS8/JnnokXJfKcLp7VUIsyZxh7GE6XajhaaJJCYszFQeNl5Fxy/aC6vuwuHiecEVx7EkcWs4yMVk6U0kBiDouorq+Cqp50/db172W4qTN3BDTRlXbqg/6kR/xTuT28v4oVoBxeRVYHxySyXQaOKR0Io8QaxvbzASYlgOrKZDYCy9OvyDYuI9PAiajubvrrSsu4gMM0E9cHZCkBVFdXeiOM3kdxlDkiyGxbQpZhCXJLCPrRT6i5GcGhdg7iukVZUgC9rojqshn6IHY0BxO6fvG5AEN/ZcTaxTU6uJZet8CmqxdEvwDWpa/ASC8BSAAAAABJRU5ErkJggg=="
60,Jeep,1631,"data:image/png:base64.iVBORw0KGgoAAAANSUhEUgAAABAAAAAQCAQAAAC1+jfqAAAABGdBTUEAAK/INwWK6QAAABl0RVh0U29mdHdhcmUAQWRvYmUgSW1hZ2VSZWFkeXHJZTwAAAFmSURBVBgZBcHPa85xAAfw1/Psy9bEFE+MgwyzrLS4KqUQRauVODohB/+As7OzGilZrpQki4OLgyiEImFWmqb5sfZ4vt/P2+vVitn+nMyZMpZdKeV1PpTpMjvZALQe7clMZ+9mawyKJb99sfA0p6e+AR4+/pySJEmSJOnlRe7cjIhoZ3wTAICtyjGAqojvBvRbJZYt+maHAqAqovLTiqj90lWJAqCK6DOgUumpBTPqDkBVRK2n1tJ477tRI+LKoe71pQdXz7eLaNRqjcaCA2LEqLHZY9uac8cHqyJ6ehp9Gpux5LEB+zSGbtxfbhdFrdaIuzYa9spFnYW3y1tMnL2QdmNRRz/4a1HXBvN60vttzry+qTdfJ9urh3WsM+GHrvWe5V/G1zXuTy8cbsWt7eVymWoPDaq9c9Anu634aMS0uaoVwLW19c66PL/05+zQif33fnh5unt7+dGToyIiIiIiTuVIIiL+A271xrBxnHZ+AAAAAElFTkSuQmCC"
61,Chery,1805,"data:image/png:base64.iVBORw0KGgoAAAANSUhEUgAAABAAAAAQCAYAAAAf8/9hAAAABGdBTUEAAK/INwWK6QAAABl0RVh0U29mdHdhcmUAQWRvYmUgSW1hZ2VSZWFkeXHJZTwAAAH2SURBVDjLnZO9a1RBEMB/++5d1LxgPjQYkpxdLEVItFEU0mgay/wDCtfpvyBpIgommCoHqSy0s5Jgo2kEjRa2R/CrM0HzJd7lvZndsXiX8+VDFIddZncZfjOzM+PMjHq9biEEQgh47/Heo6ptXdwi0taTk5MuBvDeMzg4zOb2NphBvsAMA8ysfcaM3t4eFhefAdAGbG5tcevhK/5F7lfPk2XZb4CqtlzCcOU0XZ0dVPoTjh6J2RFDNCAevMHr5fdYMNI0BSACEJE8TMA5R2NH+bq5QyP1mIF6I9NAqrmNGXsjEBHCbnzO4ZzjR0MJltKTlInjElEwrAUIFg4CLOQIV4A0M08mgaSzg1IpInK5DwuHACik4JzLIYA5RyP1uMjydyDsTyHLMqJSBMCXz5/+WoVSXDoI6CjH3L15Du+NcrnM2uoqSddxzIyNjW8MnBqg2Wy2fj4cADxYWnp5pdBlfSLyYmho6IaqsrKysqCq4yKyXujKpwBut3xFmZmZua2q1y9eujze3d3Lk8ePmqp6Z3p6+t5+2z2Aubm5fhFZGxk5Q9+Jk3h1iCpJcoyPH+osL7/5OTs721UExMVLmqZjlUqFiYlrqCpmhpkRRRFjo2dZX/+eVKvVq/Pz888PjQBgamrqnYiM7p/C1mS+rdVqF/6Ywv/IL/azYiamBPboAAAAAElFTkSuQmCC"
62,Honda,2368,"data:image/png:base64.iVBORw0KGgoAAAANSUhEUgAAABAAAAAQCAYAAAAf8/9hAAAABGdBTUEAAK/INwWK6QAAABl0RVh0U29mdHdhcmUAQWRvYmUgSW1hZ2VSZWFkeXHJZTwAAAI4SURBVDjLlVJNaBNBFP52d2J+tB5iGjFpvUgJtaVGhIA/p+pBsRcRD4o38ejdQ5F66C235CKYg3goCh4KCh7sRVoETQwGhBhFCfgTG9GC2WazO7Pjm9E0S7CgDz7e23n7vvfeN2PcffrjhpS4KqQ/5vs+hA9w5YWKJTj5AQQEl3Tuv1i8PJEDGfOlvHY+N5LAf9jCvXcz/ZgRmy5efn+HOnPqwuGR94Q38HTWz10/ugjPE+EAgdTBpYNX/qm77RApFxgQqKXJllbXty1iooPwzwac6DjOHs/ADRLwPwTKLp5I4v7aV1w4lkSn09FnT161Edl8g6mZKdRqNXz8NIKItFEqlQ57nveBeURAQoJZwINn67AsE49W69jDNugmBBKUG5+cRCqVgrqlRqOO2TEbnO9+2Wq1VvQKSgVmGTiXG8Xy8zai7mdMZ3OIxWK6SIG6IZlMaujRGUOhUDipJ5C0BTOBh5U2TQB0u11dzDnXxZKmGPYKruvC9PjvgxAVzh0ZRYQZW4Vqhe28qlFTMfXqlFmmQYJ90zH3DfR6PR0Pdw/GegLVTWtAK5w6lNBihkMmHMfRPw53D5KoCUytAX1M79+FL9+7OLA3CnvTIS0smKap0d+5L14oFNKemgu6Bbl2c+lt1hX+TvXCFCZ2AIlKZatzJpNBPB5Hs9lEtVqFbdtaJ8Ito88ctGKxuI+Sp9WIBDOdTt/OZrMol8uo1+tzlNtQxITXfyUYtvn5+VkqWiGcyefzj4O5Xx9ItHsmdOWEAAAAAElFTkSuQmCC"
63,BMW,2214,"data:image/png:base64.iVBORw0KGgoAAAANSUhEUgAAABAAAAAQCAYAAAAf8/9hAAAABGdBTUEAAK/INwWK6QAAABl0RVh0U29mdHdhcmUAQWRvYmUgSW1hZ2VSZWFkeXHJZTwAAAJ/SURBVDjLpZNfSFNRHMe/293umptu01GJMF1WQ5dRQgVl0UthYNHDiAQhChF6bdBLrz1Erz3Ug7CewqeoF0XzZVialnaXSHOYM2Ko6Szn3P2ze+/pnDMdodZLFw7n3nPP9/P7/n6/cyyEEPzPY9u5MDU1FdN1vatYLNroDDrzoWkam/sikUjnnoBEIuGhgl6v1xtxOCqgUhFME9wfdenzeTE4OHCTfu0GSJLUzsR+v7/O5XIhvZABi26aBCYxKYjAoDBVVfdOgW4eCAQCfEGWFRSpeDoxSQFmeVy6fIWnsSeA5SiKInK5XCmyYaA5fIJHJ1vRWbGrhRRmX3QSwd2CzdU4LErmFgcwskFFbBNrCrOekD7Q2eDR2b/AxSqcb7TD6e+CJ3gSv9IhJId6H5cdlGpF+GYGCLe08ujMRaUxAb9rCe7ac1j7+gWiRUNl1UG4awKesoNtAIfQyEzM353DCPkIvMF2qIt9ECss+CYlUVS0rCLnz5YBZbFRKhoDOPUEWmp1eBqvQck8g1XUYXfXY19hermQt7WfuvcmxQGsPdsnkllmKZDsKI4eWYfn8HUqfgqrXYeWC2IlPrZhyIWO1ui4VO4Cc8C6IAhCKe/V92io+Yn94avQlnohiATKej0W4+O08oXjoej4wnYbrVsOJkZGRpDP57GRjqPBR9tJ6rA4/QQmFGyu1WF5dAbPZwMIRccW/jwHHNDd3X1mbm6uo7+/fzKTfInmth44vr9F6vU7SINrmBn6CGfbA2Rl666DZNl5Gx/2HNPv37krwGpAGn6F+XQan8Q2ZFUHa3EyFos1/RNw40K13HrogO10UxDEro7KP1Zudzz6PP+36/wbU7aHpoSFkuUAAAAASUVORK5CYII="
64,Honda,2765,"data:image/png:base64.iVBORw0KGgoAAAANSUhEUgAAABAAAAAQCAYAAAAf8/9hAAAABGdBTUEAAK/INwWK6QAAABl0RVh0U29mdHdhcmUAQWRvYmUgSW1hZ2VSZWFkeXHJZTwAAAKZSURBVDjLpZM7TFNhFMd/t/f2IqVQqAWM72IVMUEjIRoiYnTxEWEyTjqoiYNuxkSjk5uJg4ODDjoYE6ODm4sOJlopqNRY5VXC09oCRaCg3t572++7DspTnTzJyTnfyTn/739O8lccx+F/TBsdHb0MHAOQUuI4DlLKJS6E+CP+9gdKKpXKBwIBFWAxm7n8b3Euj8ViQnMcR3W73dyMCmzjG9PxVzi5H7jKa6gI1nLE208oFOLy8wyGaWNkbQwzx+PTIYQQqrb417reW+RT7xhJJBieMHCufgQgl8txbV8hUhbMrwUghECbewDkKnfStH0NB3SN1o5OYqo63xgOhymWXQQyHajeWka+vsRdth9NCPFrOC95m16Npk3jLSkhau9masoE7y+A+tA0+cQEhetO4AvuJDNUTc+LhwsMMok+yoNVPNHqmPpss8Kvs+pHEgAr/QzViuPfvIepgR50xaa4ZBXe0soFBmuKZumaLEX6Symr1DFnTYrlBGq2G83di6/qINboI3SPwsiHXqSjk/Q1LgCcP9wwfwvDMLAsC2syQYHZiW9TC2byDi49j9u7gSLnC4FDNxho78Y1B5BIJIhGowwPD+PxeLDGwpBpxRdqwUzexuXOYc9uZOzle2aqTlFYvgkpJUosFusWQtQIIaivr1cikYhjj7dR4Rlna1Mz9vh9FNXGnFlLOvweacwE+7ZcGfp9ux5luRbunVt/pqH55N28UsFKfytlFTrmzDomX79JSyvbUH2hbXCJFpaLo2TjlrvbGs8Sf3SRvnCEgvU7yKfjqTJdPVh7qX1web9reSHeP5a3u54S3LGXoqJqkh2fvptZ+0jtpfbOv6nxjxWON/mzdVWV2q6aII7bimTTE6eOXv84+C85/wR0RnLQ/rM7uwAAAABJRU5ErkJggg=="
65,Chery,1115,"data:image/png:base64.iVBORw0KGgoAAAANSUhEUgAAABAAAAAQCAYAAAAf8/9hAAAABGdBTUEAAK/INwWK6QAAABl0RVh0U29mdHdhcmUAQWRvYmUgSW1hZ2VSZWFkeXHJZTwAAAIbSURBVDjLpZNfZNVhGMc/7/v7nTq1P9Vkso0kJy1ZjZWZ6CKTlMW6qYmUFNkuqpslYnSxXYwolXURXdRNTRszRU2aWTRbaTctUs1pSjSn/M7vvH+eLn6nsYixh8f7PK/3+fD9eh8lIiwnNMuMZQNCHtb/R4MH48EasB5MAaxL7hxQEIghBCDT9s+sX5zOg3NJbVyxtvDiQREAkMuC94grPrAWcRaMRaxJemMQa8EaUpVbIZK/AAERaLiESpUhU7cR59A7ToONcMPn0QeuoVJp7EgP8mUSjCkCrE20iYdUOTLehWq8gnIx/vUtcB69ux3Mb8xAB0HdUeyniQWAxpgE4AV0CKUbwVtkfhbd1ImuP4WfeYJav4XwyB3851fgE4nEQkiUT/R5jwLU9hPIhyEorcY9akPv70Vva2W4r5URX8J89AsTaZrjrxyLhZDYJjTvwRv8xHX0rgvI+yGC1nvgDIODXUxVrGNvbQM1FRlGph8z8O4l38sDlPRUCTuPI/xMXLcWMYnTYhL3z87lOXzwEASaltoOep+dIUDT3z+IJhIwBpVPo/Or0PFqAlNCYMsJZS2hVPAt94OUKqWltgOAi/v62FxZR0FBSCTw/P7Cz8IJFBafueo009kx3mRH6Wy+S/fTk6SDlawQUEvZxsb2qqs1m9ZcbqrbQ2ZDPTNzk4y9HWX243yvWuo6N7ZXdQPngDIgB9wcv5Ht/APUTCZid72ZzgAAAABJRU5ErkJggg=="
66,BMW,2676,"data:image/png:base64.iVBORw0KGgoAAAANSUhEUgAAABAAAAAQCAYAAAAf8/9hAAAABGdBTUEAAK/INwWK6QAAABl0RVh0U29mdHdhcmUAQWRvYmUgSW1hZ2VSZWFkeXHJZTwAAAKOSURBVDjLpVPbThNRFOUD/IJ+B6gvJr740mg0JsQUX0yMiUl9MJJIwGBsMOgDQSEz0mANhEIKoqhBBTEpahm5SWxLKTO9WBAKBTqtw9DpDbqcfUprvbw5ycpJTtZae+09+1QBqKrEqS4YdNToMOowHcJ4eGf4k18pPKKjuumFYh75vMbPuIPC4tKy7PX55akFUXj6McI3DCfMxCHubwaH4hODrg2LdzksxeIKVC2H/EGBYTeVRXQrgekFn9QzEbYQt2RSMqgmsU/8pqYzedCnZfeRUHOQdexl9tmdqmUxNedRbWMBMqlmBtQXxabKJfGOksW952HEklmG1mdhRBOZssnE5LR0fSBG7RjIoGZE+M5T7JJ4I5mBqW0Bqztp3OyTcLyuBde6/ViLpxlHjGyCG57hSUsGxumvAYF6pqhUcV1O4+IDD+aDCs7dfsfOM02jzFBJ5bGd1NA79FogLRmYPItLMg0rvptjBkSsa3ez864e/2htM24NBBDZ0liKbP4AA44hmbTMwO31MQOKT6T6XhHHLtxhsYMbKZy3OBGOaQzFFDn09vWXDYyf5v1CUs1gV8tjNvADZ5vH8SWk4HTjK4jRvbJBaDPF/kxwPQnO5ii3UONwhvjVaByFArCyrbGpn7zCoak/wBLUtgrsDERTyO0XMDnrh8X6tjxEQ/3gjtnpmpNkpThlqnajR2QVSWj/EGVJqEBIr97ZbZcuW4PF31haJO6l1zL63qXGEkVici/P+qVEtExUObieQIdtUG3kxn4tUuUqtznmLPbhUWnGE8JqTGEzoZ79KzLGXV60cT1SQ+ebv1e58jFdfbJibnk8zrd39QncI6v8sJOX73fYhMaOEf4SL/77Mf3Pc/4JB00Hw5wBy+AAAAAASUVORK5CYII="
67,Citroën,2796,"data:image/png:base64.iVBORw0KGgoAAAANSUhEUgAAABAAAAAQCAYAAAAf8/9hAAAABGdBTUEAAK/INwWK6QAAABl0RVh0U29mdHdhcmUAQWRvYmUgSW1hZ2VSZWFkeXHJZTwAAAKNSURBVDjLpZLLa1NBFMa/m/uITfpIKzFJYxGaxkQDFnFRsrLgxm5i3dWl+Ae46Kr+DWbZTcBNhboQ1KW1uYhQhVKECFE0SEvSBrXR2Nyb+37EmYHG0hZceOEww5n5fvOdcw/X6/XwP59wWlKW5SABF0jc8X0/S9Y0CbL1q2T9StZHJOT5+XmPO+6AiC+T3JNoNHolHo8jHA4jFAqB3ut0OlBVFY1GA61Wa4PkFk4A1tfXX2cymdmJiQlwHHeqbdd1Ua1WUavVVgLHDwkwF4vF/ll7MpkEKWPuRA+cnhjY3NyEpmnI5/MIBoMQRZGVoOs62u02ms0mUqkUBfxt4upGe8B2vFXXGBnje/uQJAnlchm5XI6JqW1FUWBZFgRBYLk+YOXNL8FxnA9BkUsLkTg+7vzAZESB53msiVRAATQOe0bF9Jz1wDDtccNy0yEJ4Dkf/Fga7+pBJFJXsba2huXlZZAHGICuVHjogAG6up20bJuCsNvSIPI+pMg4Ss+3mOXp6WkUi0XY5M4hiAL6DlTDiOpErJHo6iZ2vik4IwKJCym8/aJje3sbiUSCCY4C6J4BOqpx0XYs6KYDRbegaiZqe20cqBYGzl/Dy/c+Crdu91+lAGqfOuJb5wqSqltyNCLxChFKPAeBJzMe4OD5Hho7Lczlp3BpMsJ+4+joKLLZLJvGer2uCweq0R0OBUSPUDXDwm6TjOtvDUbXhNm1MJUI497CDCSRZ2XQUaZTWKlUvhMnBeGgq8uBnnjz008Ve3ttx9HMB7EhvzOTQeHsMHd9ZNAeksuvmG06RKZpUuFjUsrDpaWlfW72/osB13CeuYZ1wzXswa2nd+2jk1kqlYaIYIqET5r2eXFx0Tp6/ge8rrdXLiWBdQAAAABJRU5ErkJggg=="
68,Citroën,1389,"data:image/png:base64.iVBORw0KGgoAAAANSUhEUgAAABAAAAAQCAYAAAAf8/9hAAAABGdBTUEAAK/INwWK6QAAABl0RVh0U29mdHdhcmUAQWRvYmUgSW1hZ2VSZWFkeXHJZTwAAAKiSURBVDjLfVNdSFNhGH7Oz7Q5N3dshrKRGP4wFElMKALL7McIDDIKopuIorsuIqLLuopdxKSbIqmroKIuVCjtIoQk03BtF7FYyCxIUMmpyXQ7O+frfb9Nxai+8X7vztn3Ps/zvc87RQiB/61IJPI4l8udN01TpwzKMrLZLOenyr8AYrFYGRX0eb3e08XFJchQEWwb8jTVGIYXw8Ovof+tOBqNdnGxz+fzu1wuJKd/gNltW8AWNgEJWASWyWSgx+PxjGVZRRTy0LpMzqlU6k/JWFhIEZCNI0ePy3c6FwcCO7G4uCTZBX8EqxQy+IE4UW6UYXCgH41NLZKdf5MKGJWLb/RF6JgCRaE9v8nM8Wt5GaHLbZLxU+QDWG3ViZN5BSyVWfmgUb4dqqpCoVALwd9rSxNwzD0ErAo0NbdBUA9EoQcqK6BnAlChadqWUCmcDgtdu+Iwqvag2vMd8+4kHi2G5bWkArNgj6Iq0HR9g11mUtXsHkNdsB2eqhb4nc/w/GsM35bWpAoJwBs3hK/AjDU7SuT9eZViHkExCrfvHKzlAQRaLuDK5CvMVndTjS1dkQDMyI3imErkZ0GhvpypHUOg8xSwFsHEk37svXQTRStfUIwGAvBvKnA4dNy5uFvaY5o5pNNkz2oClaoHbiNN7Emy04a18hE1B68h/eY+RG5fXgF18u7IyNsD64NCudzjdtXUiSF428/CTo9T7SpaexpgZ2ewzZVAIHgYKz/fyWHb8l/o7e29SiDd++uVQ35DRWW9k1gnSG4Wky/jBBKEopUBzmMYfXALQzO1yQ2AcDhcQdbNdXR0Yu39dTT23IOmTpPUlJzPzUV2Oxsw+zmKxODtFxsAoVBII/njpKC1wzUM1TKlVTz4ishleHDWB6jwnt2b/A3aCqjQmVNP6QAAAABJRU5ErkJggg=="
69,Honda,1891,"data:image/png:base64.iVBORw0KGgoAAAANSUhEUgAAABAAAAAQCAYAAAAf8/9hAAAABGdBTUEAAK/INwWK6QAAABl0RVh0U29mdHdhcmUAQWRvYmUgSW1hZ2VSZWFkeXHJZTwAAAKDSURBVDjLdVNLTxNRFP5mOrVT2tLWSgIhEVEsaSUNrSujJi5cGBLiwoTEv+HeDfEPsOmmO6Ou0IUGQ4huTAwPrSUlYDtQ1LRKQKBmOgy2zNzrudMHmMBJvpxzz+O75845A845BEikWCx2d2pqaikajd6jsyJ8LSipVOpWJpOZFznC165zjJIk8d8ia2YG/ckkytks2Pg4etAUEfPMzqI3kcDW8jIaY2NO7ArnkiyRiCSfxwNfMAjbtuEPh+F1uRCWZQcqpaiBgBPzdndDbRGLWrllQ1UUFEolJ6m4vg5GJEYoBMPvh62qKBSLTqygaR0CtN+4AbAg3Z7v68O6YWCIbh+kp8lUwI+OULcsbJIuES4zhhRpk+JDgKyc7GAkEsE1nw+80YBFSUyAyM4R0bDbjShpieCp1WASaaeLxcVFblnWmdC35nl56TE/0He4EOETNaJWxilSr9eRy+Wg6zpy2QVsrT5DVzgB8+dse+QdOZVgbW0NlUoFAfryA8EKzvffQHdfEvulORzsFkAddIj+I2g7k7QLwm7UyqhuzCBwIQRbf42e2EPsrLyAaRpnd3C8mRx7xZeIXL0P/P2CpafP4Q8dQv+xgO3C+9M7OCldrALb/INA2ASrfyM+Btv4hME7j3CoTUORbEHCZd6iIsU6XTALl9xfEbo4Cmbm6XyI6w+GwRq/oKoaIoO3wcrvjjuo0VwNEjKZ2Oz94lt4w1F0BXbBrT0algvZV5oIg/3V0BMdQH1zDh8mR+LOz5ROp3k8HoeiNPfKvfIEiYk0XPJ3Iqg63+Pk4FzeYWyvLkN7MzntVFSr1Y/5fP5mO2W0oeNzZoJa503Q6zhjrXNTg9lcYlbvPxXdfEoTGuB5AAAAAElFTkSuQmCC"
70,Honda,2957,"data:image/png:base64.iVBORw0KGgoAAAANSUhEUgAAABAAAAAQCAYAAAAf8/9hAAAABGdBTUEAAK/INwWK6QAAABl0RVh0U29mdHdhcmUAQWRvYmUgSW1hZ2VSZWFkeXHJZTwAAAIrSURBVDjLjdNPSNRBFMDx764aarTaZqmb9mcXDyaF9IeS/kBCUR6kbt3MU9gxCjp1iujgpQ4eutS9SxAUS1Barm6EYnRYTEPNpaAtbXPd/f2Zea/Doij+wQfDMA/mM2/eMKgqWxk/29p0vXyQLcbL7u518wFVXV6kUim11mKMYWk2xpDJZEgkEkQiEWKxGJ2dnYGlPaUrNd/3iUajAKyEVZX29nZUlXg8vqqCVYAxBoB348WbWQUrICpYC5cOGVzX3RjwPA9V5Wjd/LqNhOqtAcn0TkQFI8UKjAUR5WqrwXGczQGAE/W/15z+OHmd5EyOJu/axoDruqgqA9NhrCpGQGyxF3nf0FDTzIj7lCt9fRUvbk4X1gBZ+xdV5UxjhkfDXaj4eGLwjCESbqK57iQLziKf08ncud5w1fvbc7ll4E6y58C26nIuawcighGPCy1dWBWsWATlR3aWww2nyXmF4Mj3geyR+8HwMiAiB4NlJaSyX9ijERzjYVWY+TOBLwYjPr71+ecu0Np4lpyfD36cGvwTBLiVuBHCBt7uKqvhTfo1IoJjHIw11Ib2URfaT31VlLKSCnbv2MvobIKhb4n5vMfxUgBrbI81ohO58cB2L0Q8/Yq8cXg23IsnHo5xidW0cCp6kU8zg/RP9mttZevY0N3RsSLwvPwhQADIYxlnkggdq57rQ+EJgWAFQ1+HOOZ2BMJztefXfKbNInovsGilpLIgNvrrgU4t5f8DTGqAX1cDO6cAAAAASUVORK5CYII="
71,Jeep,1224,"data:image/png:base64.iVBORw0KGgoAAAANSUhEUgAAABAAAAAQCAYAAAAf8/9hAAAABGdBTUEAAK/INwWK6QAAABl0RVh0U29mdHdhcmUAQWRvYmUgSW1hZ2VSZWFkeXHJZTwAAAIESURBVDjLpZM9S9ZhFIev/+Pz+BKGUBAZJUQEOqRCi6hDYAYtfQdXySki+wYubeHQEoHQWoRLYBGIOFhkJTg0tCShgfq83W/nPqfhH9SgIXTGM1zn+p3DKcyM/6nqUc3553uWVYkCOStRlCDKs9lLxYkAISqTg6cQVdRAsvFyo35yA5eUmJW9QyFlo6+ng6bTkwNaToii+KRINkK1QsPJ0QB7eL/coiqWBEtC+/IDQjR8MpIo3bVM3ed/GEzdBFWKnClyprGpBDFcyKQMPTWjflwES0IhAh/egyQYHqXpIj4p7VhG8J0F4tIxgBBLQPCQBJJwGIyQFBeUlI3eLkVbytzKjKUoxJhIPhFCoqI+gAj4AN5DjDRbio+Gi6WFT8ZQ/xqdXzO23UC29xnQAXzLU1X3e3IIECOIIC6VBlGJ2QjtZW5MbHB9aIyLZ67ydusF619WONgVKtoup+JcaZAS2lJ8LAEuKu3GC0YHR8iVzEj/NLlIjF0bJzYOqVjb/RWhjKNOcekPYL/5g1rRy52hOQDuTT3hyrlhMKOqbQcpwfgE5AwimBOiGOf7aojC928HbO2ssbmzyvz0UxZez9Dd0VVe4VHXLXRpFwuCpYyljPZmlpd2ICqWhbMDt1n/9Ibx4UlefV6ks6iy+vEd9Z9DFCd957G7FxaAWeA00AAW1x/vzP8Cqr99v3YC63EAAAAASUVORK5CYII="
72,Mitsubishi,2512,"data:image/png:base64.iVBORw0KGgoAAAANSUhEUgAAABAAAAAQCAYAAAAf8/9hAAAABGdBTUEAAK/INwWK6QAAABl0RVh0U29mdHdhcmUAQWRvYmUgSW1hZ2VSZWFkeXHJZTwAAAHtSURBVDjLpZNfSFNhGMYXZ110E1QYFRR6Yd0kIhgE3ozlIII1oQvzwjAUtD8jSFILoigISqrVCAy2u6y5aAQpuJH9cUabK06GSEOnHCcrzAzsrJ3Z3K9zDjGMhhzog+fm4f093/e97/eZANP/yHDhXKhyw6TfMT/qrluJuA7z0Vs5M/1g33bDAXFfHZ96T5KRoijJGKP3rAxfqQoY3R15/BGK9IZs8p2uzOQQUZdjxRCsfAujzPpIBE4ji726tICY+0jGEJyTn5GOt/FDPMMHbwOJx+1E7zhYs4l/wVNNyBO1LC/eItXfSPx2DWtOwShcNOCla49h+J+A4PXdLKVeFIXFcxW8sm+UnlvN+aBNmFXVVQjoaS4t1WAp9pRIX2tReKx9fzYzcJP8xCBp31lipypyoQNmpx7gdu5iSYqw/HmMgYvVhO9XMTXiRPQc4u3VaoK1QuKnCnPXDp2b4FoZX29YNH+6EJBVX9eC/zhfeiwMt5bgb9pKf8de/c7asfPvA6xe3y9tQ/P1gAbrZsY9jaTFhyyIfbzuPliA9d7YhKTsbQYVUjpMLKqS2gRUf04vOGrZwjFrCZ4T5ToY6q55srq54fodl6Mt5b9SnWXMn19PomUdQ3ZzbtAmXDD8mUbqd3apO878mUJSgzX/N4hT3VGIyxnZAAAAAElFTkSuQmCC"
73,Citroën,1717,"data:image/png:base64.iVBORw0KGgoAAAANSUhEUgAAABAAAAAQCAYAAAAf8/9hAAAABGdBTUEAAK/INwWK6QAAABl0RVh0U29mdHdhcmUAQWRvYmUgSW1hZ2VSZWFkeXHJZTwAAAJlSURBVDjLlZJJa5RBEIaf7q8nGceJRMkiKCJIEEVUXMYtp+gxKBIQXC4iIjl496IomJuiv0BQD0HBQyCHgCIqxn29CYqKGjWZaGRiJjNfd1d5mJhE8KANzdvVTT1db1Hm8p2xE6ocjiqLRYQoEESIUYiihCizdiQGJYo87jnQVgBwonq0q9DQxH+sk1ferP59dlGkCaDv7UWCBEIMeAn46Gc0hum3Y1t68D7WzwIoAPtWHvqn3ycqAR8iM4AoAPTeHfknwM4NC0hnA8IUAGBvewtXB4fZs611+u7ag2G6Ns/Eo6XKHxWYc/1DeqijmYEXY1gAYzAot18UaaiHchqYn6/j88gkxkI+lyBqGCtNcvP50CYXo6CASwy7C830PSqyq9DCwL2PdBSWs2tdnv4Hnzi+f8UfVi7dKiJiHlofBRVwFvqfFkmSmparnu/jAYDrT4anEysBSlUo/kgxRrA+CKpKJoHO9c1knaFzfTPWGhIFH4Wz3esQUaIoCULOCdVqldJEigtSa2JiDTdejgJw4+Uo2YylUvWcvvIeayBEQabsqioo5DKCDSHUemBhx5omXFLTIEo1BhKbwRiHIcGYBNSiavAhkKYB52PNwqoleb58n2RZ6xzeff3JeNmTMY7uzgaCpIAFBTVC1tVxpvcD30oTuBh18FTv67VplLk+RHyIxCBTfjMIk1x4doSm3BIMlmL5I4c3nseSpVxNcWcPrmj/28TtOX1fly6E1vw429cUaKxbBBZ+VBbRMjeQqwNnDEZV/zqyG7qvD7YtnrO1sb6RrJtHEI8RwWhETJlXH94yUvL8AgiPWj6e64RKAAAAAElFTkSuQmCC"
74,Hyundai,1350,"data:image/png:base64.iVBORw0KGgoAAAANSUhEUgAAABAAAAAQCAYAAAAf8/9hAAAABGdBTUEAAK/INwWK6QAAABl0RVh0U29mdHdhcmUAQWRvYmUgSW1hZ2VSZWFkeXHJZTwAAAKkSURBVDjLjZLfS5pRGMf7N3bxslsvtsWuJBi0i4UNRrtYIeIumuwHbAgvXa0mMWGjMDebmSzTQtNuXGZLZr5ZXRQUJjm1jWmGhT9Wr/1UQnQX351zNkbt3cUOPBzO4Xk+z/f5ntMAoOF87O/vc6VSiSd7sFAoiLu7u2ImkwkmEgl+eXmZ+zv/wmFvb6+JFPqPjo5wfHyM09NTHB4eolgsIp1OIxwO+30+X9M/ASSJI+GnRWdnZ6CQxcVFCIKAnZ0d5HI5BhkbG/NbrVZOAiBSeVEUUS6XWXcKqdd/oFavMxW0OJvNIhQKobe3l5cAUqlUkCZSSKVSQXQzC8uoB0M2NyLxDMhoSCaTiMVi0Gq1QQmAmCQeHBwwqbSrZdQNVygN53wBVv83VKtVbGxsMCUajUaUANbW1kRiIra3t1Gr1WAeccMeymNkroTBme8MsL6+jmg0CqVSKQUQw4JbW1usAx0jGk/j3YcvMPhySKaKyOfzDDA1NYW2tjbpCOR56DszwPT0NOLxOE5OTpihVPrk5CRWV1eh0+mgUCikJtrtds5sNs8tLCxgdnYWTqcT5A42m43tA46X4C1qPH57F6pXNyu3n1/TXQB4PJ52h8MR0+v1fgqIRCJYWlpif+G91wi99wECm8P4XBRgmn8Kpekq5M8uGVmx2+1uJ1EbHx9HV1cXp1KpoFar0draipaWFtx/fQszyUHMfDWDLmP4EUzhJxRQZQCXy8Xmo7ObTCYYDAZYLBb09PSA53nceXEdnzbtOL8+JoYp4Jd8Oic1jbq8srJC/zwCgQC8Xi8mJiZwQ3sZA4IGfUInK+4LdV5U0N3djY6ODvo81GE0NzdDLpejsbERMpkMVxQc7hlleCM8ZJ3pTs9/PPifIMn9JMpU9u+9n97/BG848JbqijsUAAAAAElFTkSuQmCC"
75,BMW,2156,"data:image/png:base64.iVBORw0KGgoAAAANSUhEUgAAABAAAAAQCAYAAAAf8/9hAAAABGdBTUEAAK/INwWK6QAAABl0RVh0U29mdHdhcmUAQWRvYmUgSW1hZ2VSZWFkeXHJZTwAAAIqSURBVDjLjZPNi1JRGMan/ooWDbSKNq2sgZqh0UgqKVoOU7OooEWLgZi+JIaYGolaRAS60JXuxJWoIC6E0KAgAzGbCqpFmua393qv9+PoPJ33THPHcYy68HDPvee8v/e8zznvFIApEn8Octm4Zv6hQ1z7rbgRgE3X9S5jbDgYDDBJfB5er/flKGQUMEPBiqJAVVVLkiSh0+mgVqsJSLVahc/nsyDbwfsIQAs0TYNhGNDevIX29BnUxx50u13U63UB6Pf7oCR+v38LMg6gYCOdhnb1GgaeVajnL0CWZTQajT0lCU/GAea379AWFsHu3kJ/4TLUO/etUprNpthJpVL5C4Ax6I/WwVbvoe9+AMazMvrHzSMI7YT8aLVakwHs8xdoS1eguC7CeJUBa3fEwkKhgEwmI+pP8/Ly+fxkgP78BZj7NgYP3ZDn7FDXPGJhKpVCuVwW/tA7HA7vBawdPrJEmZl7hQc7IJ2YtwCxWEyUIgzmCgaDuwF157kDlVOnC+bKMmS7E8a79zA3PsEs/0Q8Hkc2m4VpmkLkB5URjUa3AMpZ1+uew/lVmnMw/cZ1qOtPrGOirKVSCclk0gKQQqGQOFYB6NnPKPKsfdNYvgnJdQnsV23XWRMkkUig3W6LMSkQCOyUIJ+ch3R8Fj+O2j6YHzc2J/VAsVgUEBpHIhHkcjkaDy0P/hh5jBuk0sQ4gO4AXSIa09b595Cv7YnuHQFME+Q/2nlb1PrTvwGo2K3gWVH3FgAAAABJRU5ErkJggg=="
76,Hyundai,2536,"data:image/png:base64.iVBORw0KGgoAAAANSUhEUgAAABAAAAAQCAYAAAAf8/9hAAAABGdBTUEAAK/INwWK6QAAABl0RVh0U29mdHdhcmUAQWRvYmUgSW1hZ2VSZWFkeXHJZTwAAAJZSURBVDjLpVJda5JhGPYH9Ac66bSdFHTydtDhIAiCiA6CEbGiL1bUTgaO9pHk1+y11ymyNT/wYypMxzanqa8Km9PJxg5EJcWBJq7OzUHIRlfP/VQyKWLRCzcP78113dd1X8+jAKD4n/pngtfrhdPpxMLCAqxW6x1FLpcD1dbWFjY2NpBOpyHLMmKxGNbX17GysoJgMIhAIACPx8OxR0dHODg4gMlkKiuy2SyOj4/R7Xb/Wp1OBw6H41O73Ua1WoUkSQ2DwTCiyGQyvNFqtZDP59FsNkG9RqOBZDKJ/f19RCIRjgmFQiiXy9zRzMzMYC+DVCqF7e1tRKNRYXNzE8vLywKRFxcXBVrDZrMJRDabzYLP5+P7q9Xqgd6AeDyOYrHIM6jX6zwDUiZypVLpKbOBKBQKpI6pqakzfbewurqKw8NDJBIJsKSFcDhMSgLZZWEJRNbpdILdbicyfrtGBpzY3d1FrVYDkUl5aWkJpVKJBnJltgr29vagVCq//fEduN1uShrz8/OwWCyUNFjS0Gg0UBqe44VlCI/e3sDQ60FcU16cOPVDeiLdfKUK3kOkbEXhswwpOYLb0gVcfnpW5ACXy3We2Xs3NzdHScNoNEKv11PSmJ6exl3dVayVTFj7YKbdIaYeQko9pgFf+QAWFrczOzs7KoriR0YePeng+stLeF+24+QXLlppwA8Ae9MTLGl+XTs7O/D7/Tzp8fFxjI2N4cqzc3gj34dOHuZkXWK438Gv0mq1UKlUmJyc7HPAgOpb4gCM8gOuTCf99zI4TTGwntUXsv3z1FP/O6UL4ZoSeea0AAAAAElFTkSuQmCC"
77,Peugeot,1421,"data:image/png:base64.iVBORw0KGgoAAAANSUhEUgAAABAAAAAQCAQAAAC1+jfqAAAABGdBTUEAAK/INwWK6QAAABl0RVh0U29mdHdhcmUAQWRvYmUgSW1hZ2VSZWFkeXHJZTwAAADoSURBVBgZBcExblNBGAbA2ceegTRBuIKOgiihSZNTcC5LUHAihNJR0kGKCDcYJY6D3/77MdOinTvzAgCw8ysThIvn/VojIyMjIyPP+bS1sUQIV2s95pBDDvmbP/mdkft83tpYguZq5Jh/OeaYh+yzy8hTHvNlaxNNczm+la9OTlar1UdA/+C2A4trRCnD3jS8BB1obq2Gk6GU6QbQAS4BUaYSQAf4bhhKKTFdAzrAOwAxEUAH+KEM01SY3gM6wBsEAQB0gJ+maZoC3gI6iPYaAIBJsiRmHU0AALOeFC3aK2cWAACUXe7+AwO0lc9eTHYTAAAAAElFTkSuQmCC"
78,Chevrolet,1458,"data:image/png:base64.iVBORw0KGgoAAAANSUhEUgAAABAAAAAQCAYAAAAf8/9hAAAABGdBTUEAAK/INwWK6QAAABl0RVh0U29mdHdhcmUAQWRvYmUgSW1hZ2VSZWFkeXHJZTwAAAK8SURBVDjLbZFPbFRVFIe/897rdDpgKqKTDi6GtmOLg67cuGwixsSNoQujhLDSjYkLumhQg+BCTFgpCxeCJDZKQggxmrjQxoRgjG2thRaskkxptECYEmWG6fzpu+/c42LKaNWb3Jvf4n7fyTlHzIwDb55JPTm0YymKJH1p8WZh4ti+Kv9znnvx7d5dTwyUarVGa3FhdnDq69OxmBnAJsmPC78Vzhw/sEnyzOih3qHdg6V6o9FavDwzOPvtZzFARwCw/41PU8WBR5YwS09PLxa++HisCjDywsHewuOPlRr1ZuuXKzODly6cje8zmwQAe189kRoeypXUJz0/Tc0V4rjBUHG4VF9rNn/9ebYwf/Fc/M//YmaMj4+/A7x1X2ZmZLPZEEBV8d5TLpfVzDAzVJV6vf7uxMTEkWgDOFx46T3599DMQA28N3xTw5v3HE0FA+6e3ncYOBIAZDIZyW4RAvkvnKhxq+pYqToSL4QCAeCcE2hnzIx0BH1bhSj4G27FykolphZ7QhHCoA0EIqgqHYFzDqdtcFtaEGnDd9YSzLMBCwFCIEJgdAQRQBzHxB7YqJwSo9pSQBAxAmD46kn65z8iVS5R680x3Ubbr6riFLyBek/NeTKpAKdGEEBh/hRP/3GeXftfobt/N82Fb9hxcZLJPV2vBwBJkrCuRpwYa7Ghvt1nVwhmQt/MCYZH9pJeuoB88jKZ658zsHM7Jnaw00J93XAems5IFNQMNcHEeODu76T7+uH5sc6WoqM5Qi87I4Du7m4qk8dZXl7m2LVrjOXzOOcoFotcnZtjpGcrjctfseXL11hv3qYB1O6FaMitqLMF58jlcryfzfKoKqpKpVIhn89zo7bGlR++I7+9hyjsonYn4Xo5wPAfipkxOjpqq6ureO8718w25WcfavCUrPAwCX8S8n39QT6Yui1/AWOZi6sZoXAuAAAAAElFTkSuQmCC"
79,Jeep,2292,"data:image/png:base64.iVBORw0KGgoAAAANSUhEUgAAABAAAAAQCAYAAAAf8/9hAAAABGdBTUEAAK/INwWK6QAAABl0RVh0U29mdHdhcmUAQWRvYmUgSW1hZ2VSZWFkeXHJZTwAAAHYSURBVDjLjZPLSxtRFMa1f0UXCl0VN66igg80kQZtsLiUWhe14MKFIFHbIEF8BNFFKYVkkT9GKFJooXTToq2gLkQT82oyjzuvO8nXe65mmIkRHfg2c+/3O+d8l9MBoIMkvi6hkNDAA3om9MTz+QAhy7JqnPO667poJ3GOdDr92Q/xAwbIrOs6GGOeFEVBtVpFoVCQkHw+j0wm40Ga5k4C0AXTNGHbNsxv32Hu7YNtp1Cr1VAsFiXAMAxQkWw2ewNpBZDZPjiA+XYebioJ9nIKqqqiVCrdGUlm0gpwzs5hzrwGX1uGMTMLtvrBG6VcLstOcrncPQDOYW3tgCffw0isg4uqnP6J8AhCnVAelUqlPYD/PYE59wZ67BXsL4fg/6ryYhNC82uaJkFtAdbHT+CJFbgbCagjYbDNlDev4zgyH4KQ7gA2n/fMUWWeiAtzBMrgWABAXciAhaibAKAYnXyaGx3/5cSXoIajsH/8hHP8B87llTSSqAMSmQMAfSL2VYtET5WRCLcW3oHt7Aaq+s1+eQAt/EJXh8MNe2kRSmwa/LoQeOsmpFUeQB0ag9I/jIve0G/n6Lhx3x60Ud3L4DbIPhEQo4PHmMVdTW6vD9BNkEesc1O0+t3/AXamvvzW7S+UAAAAAElFTkSuQmCC"
80,Honda,2564,"data:image/png:base64.iVBORw0KGgoAAAANSUhEUgAAABAAAAAQCAYAAAAf8/9hAAAABGdBTUEAAK/INwWK6QAAABl0RVh0U29mdHdhcmUAQWRvYmUgSW1hZ2VSZWFkeXHJZTwAAAKrSURBVDjLfVNNTFNBEP5aqlItmlcoqG3EP4QQhFitxFNREwwnSbx50aiJBwkQD54gxsTgXQ+K4QoXogduRGPExCAaCCDRQhBCtaX8RKCl7et7u2+d3RZSjHGS6Uz3zTf7zc/aXtw+KvCXCDqx6EeplfMtAW7JMyirfFKHBFy71Yp/CqEFBQlOyixYpILznM/R09etEkRWl6Jed7EGPTaRA0pQDmByWAbpljUYCpzF2FNWKfNzmeDBXOhrb0nwCr6Pz4MT3Q9TCwhU+EAYGHRThgn8iMZQ5vbAMC00XQpgavKLLO2l/W7PfF94dno0PBuC70wD9OS6IpFKbSBJfjIZJz+eO9uEt+ocEmvLGAuNr1CCDnuWsWif+TYJt+aG3eVRwWlTIG1YSBlCqRRGFVeVlGJ6PqQwTwaWf9uEyH58eqO893Rd/XXnfg90XgCd6jVVtwnIs10vcjjAVhcwPDUyROAGiVNT6L5zzLXLYds7Mf6Jcy5szBL2/FHtGCfd6NztGNsalI32wE12tuTQcc3jrdg5RTnzvLlLNobJsBiexmp07vHDV4udksEIAbVS3ykszXwGN9LqJglkOfrmtgJFnnJohythMqujs/lgjUzgqaz1IzT8Fhnq+uSvOP4naxtJuNMMvhNnsRKda1Y92E9LFLjYCJ5Jo54xWiJTLQ43DbIspwb9l1tI32gb92kujBFThxoC1WfEw2B6EsPJ89gULnVbdfojCvU1vGEBbKZ02oMUHt3PMlx5n30zDtVZKtZZWgtOtvBnIS43XlXBo6NuRCIRXKirQzAYRGvLPcTeeVFgt22XZHt288g6jejA1otDcQ2qm9rg9/uhaZoKSiQSGBwcxNDr59AyIYi897u9SPnS1dXVput6C7E4KZmQHyMdME2zvb+/P50f+wdCqc9c4Pf4aQAAAABJRU5ErkJggg=="
81,Fiat,2650,"data:image/png:base64.iVBORw0KGgoAAAANSUhEUgAAABAAAAAQCAYAAAAf8/9hAAAABGdBTUEAAK/INwWK6QAAABl0RVh0U29mdHdhcmUAQWRvYmUgSW1hZ2VSZWFkeXHJZTwAAAJ1SURBVDjLpVLdS9NhFH724WbTWcpKiTUxWyJKRTdGURaSUt5URDcW3XYZ9AER1UXhTQT9CREE3URi1EUkaGhq5ZSgDzc1tWmaGzrd5m/v+55zurBy6u468MD54Dzn0yYi+B9xZhvxwWOPheWCiECYARYIrejCvKoTT/qbQuUbCISlZXNFC4QFIIYQrcIQ0rEPsBKR5N/kNQSxgaN3Xd6gHQzo+HOINmCtIUojz3cG1sJXWIkI+ZtC3uyi9tXqfD1/y15Q+hvEEESvIM93CioZxfJCBExctX4HdgCYe3/kbJ4n4ILNBUp9hhgCk4GjcD9Yp2AthEGZxebAyaHRnATC/MjlDUJMCmLMn5kN7O4AlueHoZLRa4HmoVe5rmCb7T1U53D5+rz+E1CxdrDSEK3BlgVX6WnEI09EiNXDxQJ3yihc8aQzDmIIcSJ4fqTUKSTtLu9uCGk4i5ogZCCGAAHEMIrLz9nEaHfm00v4fdW4MxVy3y7gtEPTQQBwCrM7Od2VyboxhBkP5ovcwgqKDZQhbC8JorqsDktWCpejffmWUbNvAdhyfeLEiz2d9xOe+uM1F0HCICYwBDOJKIoLtqF37A0GJrvYMqrEmWsxQlxvGQUSxkQ8As0GhjU0aSxmlrBvx2Ekddre/707voFgvK12MN+7C1YsDEMGpUUBGCaQMH4mJlFSWIbQjx70jHbPKYPGNSOMt9UWQuxLQoyrsTSWlRLFCpZRqPTV2A7sbMTHyXfoCL+eUQYN063yxbmu9X4m80uIK59dGktmx2rv2VM2+yZPZ7hjSjEapltleCVJ5B9GnlbVZdvZqLiFVOCmQ7beQEW2/zeRQcHUmJPKOgAAAABJRU5ErkJggg=="
82,Jeep,2761,"data:image/png:base64.iVBORw0KGgoAAAANSUhEUgAAABAAAAAQCAYAAAAf8/9hAAAABGdBTUEAAK/INwWK6QAAABl0RVh0U29mdHdhcmUAQWRvYmUgSW1hZ2VSZWFkeXHJZTwAAAIASURBVDjLpVPPaxNREJ6Vt01caH4oWk1T0ZKlGIo9RG+BUsEK4kEP/Q8qPXnpqRdPBf8A8Wahhx7FQ0GF9FJ6UksqwfTSBDGyB5HkkphC9tfb7jfbtyQQTx142byZ75v5ZnZWC4KALmICPy+2DkvKIX2f/POz83LxCL7nrz+WPNcll49DrhM9v7xdO9JW330DuXrrqkFSgig5iR2Cfv3t3gNxOnv5BwU+eZ5HuON5/PMPJZKJ+yKQfpW0S7TxdC6WJaWkyvff1LDaFRAeLZj05MHsiPTS6hua0PUqtwC5sHq9zv9RYWl+nu5cETcnJ1M0M5WlWq3GsX6/T+VymRzHDluZiGYAAsw0TQahV8uyyGq1qFgskm0bHIO/1+sx1rFtchJhArwEyIQ1Gg2WD2A6nWawHQJVDIWgIJfLhQowTIeE9D0mKAU8qPC0220afsWFQoH93W6X7yCDJ+DEBeBmsxnPIJVKxWQVUwry+XyUwBlKMKwA8jqdDhOVCqVAzQDVvXAXhOdGBFgymYwrGoZBmUyGjxCCdF0fSahaFdgoTHRxfTveMCXvWfkuE3Y+f40qhgT/nMitupzApdvT18bu+YeDQwY9Xl4aG9/d/URiMBhQq/dvZMeVghtT17lSZW9/rAKsvPa/r9Fc2dw+Pe0/xI6kM9mT5vtXy+Nw2kU/5zOGRpvuMIu0YAAAAABJRU5ErkJggg=="
83,Chery,1998,"data:image/png:base64.iVBORw0KGgoAAAANSUhEUgAAABAAAAAQCAYAAAAf8/9hAAAABGdBTUEAAK/INwWK6QAAABl0RVh0U29mdHdhcmUAQWRvYmUgSW1hZ2VSZWFkeXHJZTwAAAHdSURBVDjLjZNLS+NgFIad+R0KwuzcSQddunTWXraKA4KCuFKcWYqgVbE4TKJWNyqC2oHKoDBeEBF04UpFUVQqUoemSVOTJr2lrb5+5xsTUy+jgYdc3yfnnOQrAVBCsK2U4WFUvUE546OTcwk82WxWz+fzt4VCAS/B7kMQhB9uiVtQReFkMolUKuWQSCSgaRpkWeYSSZIgiqIjscMfSEAPZDIZWJbF94RpmtB1HYqicEE6nQa9xO/3/5OQoM57/qm2a3PGtyzDtxzF/FYMe6c6F1DAMAzEYrFnLfGZ1A9devqC8o2wpmL8jwJhRcbw7ygGAxJYS7xvuxVVVXklkUjkUdAshgP+DRVfureXbPPcuoKe2b/QDKtIQpXQPOLx+KOgf0nGCCu9smHiu7u8IGuDBHRsS6gdmgmJHEHfLwn9wSgqagc6Xvt8RC6X48MlCeEI2ibDIS8TVDYGBHfAO3ONowvTOacqSEBQNY6gpvOkp3cxgq8/Q8ZxyISWsDAwfY32sSscnhk8SFAFBIWLBPQZq1sOvjX5LozOqTBaxSu0jF5iYVV+FnZTJLB/pN0DDTv7WlHvtuQpLwrYxbv/DfIJt47gQfKZDShFN94TZs+afPW6BGUkecdytqGlX3YPTr7momspN0YAAAAASUVORK5CYII="
84,Peugeot,1827,"data:image/png:base64.iVBORw0KGgoAAAANSUhEUgAAABAAAAAQCAYAAAAf8/9hAAAABGdBTUEAAK/INwWK6QAAABl0RVh0U29mdHdhcmUAQWRvYmUgSW1hZ2VSZWFkeXHJZTwAAAH5SURBVDjLjZE/SNRxFMA/7/f9eadWnmGBIl3fk1oKGsMh6KA/Bw5CUzS0NbVlkFs0RATh0HLi0CDUEmgQtCiBJA05hf1Z6pQT7Wqw4C697s7vew2BKYreWx7fx+PzPu99xcxoJvL5vFUqFYaHh2VrPaLJUFXm5uZ21OOtj7GxsREzy4pID3AEaBERVBXvPXEc7w2o1+tDuVyOZDK52RxCIISAquKc2xugqqRSKc5OHKYtVqoqgHEo0WC8/8f+BnEcE0JAnHHnvBBHhgAj8zHluu4PiKKIRqOBREbCAWZEgDgDozkDVUUc3J0FExABBMzC/gDnHKrK8zMfUdXN44UQSLlU84CJylOSySSZL6fo6+uj6/ET1i+lGVie4PWFUQ3OloH85amNh7sCBluv/puc+Weweu4onQszZG/cJpk5LdX5qWOfZ6fvT19sWYt2u0GhUEBVWVxcxMxYe/OMk9krtBZmkPFrtC+8wB/vciZ2a4eBmeG938whBBLlVVq7MzAw9H/YvR6cit/xjapKqVQinU6ztLREb28v5Y5O1t+/4sDLm9Sq31kHKmVHcHzbtoKI/K5Wq3jviaII7z2JRIJU9jqf3r2l9KeNsmvh10/h64oEg/w2g2Kx+GhycnKwVqshIlvB9FtH94nih4PtDesILloxbDQ3tfHgL9Xv6UA7GgE/AAAAAElFTkSuQmCC"
85,Chery,2329,"data:image/png:base64.iVBORw0KGgoAAAANSUhEUgAAABAAAAAQCAYAAAAf8/9hAAAABGdBTUEAAK/INwWK6QAAABl0RVh0U29mdHdhcmUAQWRvYmUgSW1hZ2VSZWFkeXHJZTwAAAMGSURBVDjLVZNLaFx1GMV//3vnzkymk5lEm/GRzWgVOkVcWRcRLK2YVHwg1geFQJfJIgWhmy7UQl24bcxQGjcqRHfiQikmiIKGKEWE1NqkQmjStNVOZ5J53Ll37v/porQkZ33OD77vcIRzjp0yV94bBTFmnRvBqIqVkbDFl+qksn/Lm1+eLx7644edfnEfYC6/VsYvTDkTTXild/PWBysUziqE9xiEGyRr1dBZOWtkuzr4am39AcAsHy3j7flYlN4et2mN6f6MlWs4tYV1D5F59CzdWzOkCy/jy4TuXx/MGRV/OPSOWveEEJ6x/kkxdGxci1X01jQ2XgRzG4hB1cGlUI2rdDZn6MoNspUz46anpwC8xu/H3xLkJm26i21/j7Mt4N5ZwhMgQuT2LxQOfIaJPXq1eXSQxygmNi+IUS8/PDbpP/F+TgRP4hjCWbvrqV4QoJsXSO5cZPDAOWSrQVT/lcLzn+RlmzHP3fg0b5Nr6M4i6UfO4KQPO5sRApFOkTS+wFlFas9heturuHQRIxnxsHK/9T1U4ytMvIkInsMZA9zjOOsAgUj5xP/9RtD/LKqzjcFHSyqe0RFYg3UC3bqMlzuINfZB2FqwBox2aJVgDTgDVktUDJ7VvRUnDU4MosKreH3PYHoaoyxGg5GgI40K+yjsO0747xIiO4CQEUmXFc9ptUQSIdJPITt/Ejz8ItY7TLIVI1sJSTOi195LoXKO8NYlZPMS6fzT6LBG0mVJbH8rRq1x32QPVvOdm+dxci/9+04h/Aw6uoufKeFI07w+T3NtjqDYT7F8gn+mT4cy5lhq4E27UP9azLp27VRQOEKv/hN3lycRYhjnBtBJEy3vgDEExSLZwRfQtWt0t5h95Tu34AEYSbW5eHYurfvJDU/QVzoCGYGxGwi/RVB8nNzwIYrlE/ixZnn68zkrqO4a042qKJuQKWOYGDp6Ou/6Slg/g9MGl4So5m2uzFTDXptZl6H6xkW3vgtwX6sfidGkxZhVjKiEShJBErEiE5aMZv71H93CTv//ct+662PTZOEAAAAASUVORK5CYII="
86,Honda,1547,"data:image/png:base64.iVBORw0KGgoAAAANSUhEUgAAABAAAAAQCAYAAAAf8/9hAAAABGdBTUEAAK/INwWK6QAAABl0RVh0U29mdHdhcmUAQWRvYmUgSW1hZ2VSZWFkeXHJZTwAAAITSURBVBgZBcG9r59zGAfg6/4+z+/Xnp6qKol2IuKtNmlEDMLCQBeDySIRGxuDRExiszXphkTS/8Bo0DJIREQQSVkk4qWqDY32nPM898d1VRLPvHPx5Z1jh14a5QwOo0AhRdrS/fP1q/m0/rn25qXzZ/cBKonn3vvi0sevnzk9Rh0PkwCQQFy5ceDCV9f9/svefz989+OJz8+f3YMZxlQPbefp+Pd/mkYVRZo1bVni5sHq6Qdu8/iDsy/7ypH0w9eeeu2TOz479/zegKo6mmTaTsNmMBfTYCqqGArt1LGts4+dcu/9h3bmY7sfwoBQMDCKUWVUGVVGlTGV3/6+6Z6jBx45UV594k7TZnoRZoCEeaKUVOk1jDJPbDP8dDX2e9G978n7Dql5LDBDQjDXEBHUKIU0mQZbRpfuSQxqgBmCRhWlBEGazQSoodaSEY0EmKEXEhqFJGAMdJmnkCJEWZu1gRm6IwkhAkCAUirMg8bhDesSMMParCFNAwjosDZBhxSbaVj2FzBDL9GJk2+/IoqgVyrSgLQK0B985GCvwQzLslpXtneftHv6NOsqvdIlCR3SKu3G5cvScXBrATMse91Ldxzs141vv5EVvYIKLSoINWKeRy9rLzDDwa31j93tdNdfb727m2QIDbh9ZwYJO5uhSm+m+ndd+leYoSrvP/vGxReq6tHIEQAhiAABt7r763m4AP8D8JchsxSnIZQAAAAASUVORK5CYII="
87,Chery,2069,"data:image/png:base64.iVBORw0KGgoAAAANSUhEUgAAABAAAAAQCAYAAAAf8/9hAAAABGdBTUEAAK/INwWK6QAAABl0RVh0U29mdHdhcmUAQWRvYmUgSW1hZ2VSZWFkeXHJZTwAAAIuSURBVDjLjZNPiFJRFManVo24jYISClqli3KGp0VY7mSCBqKoIHIIahFtStwUCPVGIiloRJmkqQERiqBFIZGtcgrHrCGaFo+hCQlCU9/T558n/v+699Z7PBmjDnzcxbnnd8/53jtjAMaoSOwkmiDi/qFdRJu1Oh1gotVqyd1ut9/r9TBKJI9QKDSnh+gBXKfT6cfjcbhcLvj9flQqFVSrVXYWCgUGyefzCIfDGkQt3kQBklTGvv022A84yWlFJpNBvV6HLMsoFosM0Gw20Wg0EIlEfkP0AFEUEb53EYnnbpw5MYV0Os0KarUaSqXShpGYJ3pAWfyJ3IcjKH5y4NIpK5aX37O5FUVho9AHaCe5XG40IJlcwv1gAMLnFSw8fASfzwfiiwahnVA/JEnaCOA47mw0GkWvDxbZbBZmsxk8z2sQOg71hIKGAB6PZ9xms60KggA16AWv1wuDwcBgFNJutxmEaghwbPr4Ubd7hhUOBgMNkkgkYDQakUqlQP4PBqCi3QwBzp+bPulwHEaHXKIJNW4H7mDLuAHr699YB+ooQ4DCu8u7f7yaeum0b8ObpbRW/H31KSatFph2bCfGiRpAlQZYix16lnuyF8Gre/BgYRFKkzjekJGcd+L66a14ccuM8pebbAS9NMDHxzMX1hYt+ZV5S+3aFTcCd+cwO8sjduMg3gat+BqzQ3jNj9qNvubBn085SQxSaOJvy6QvJnfrbHt1ABOF/Mc6q6Krb/oFGtGkE2IcdecAAAAASUVORK5CYII="
88,Chery,2800,"data:image/png:base64.iVBORw0KGgoAAAANSUhEUgAAABAAAAAQCAYAAAAf8/9hAAAABGdBTUEAAK/INwWK6QAAABl0RVh0U29mdHdhcmUAQWRvYmUgSW1hZ2VSZWFkeXHJZTwAAADvSURBVDjLY/z//z8DJYCJgUIwxAwImOWx22uSExvZBvz68cvm5/dfV5HFGEGxUHoiExwVf//8Zfjz+w/D719/GH79/A3UAMK/GH4CMYiWFJJk+PXrN8PN27cunWq/oA/SwwIzyUrYluHvP6AB//7A8e+/f4H4N8Pvf0D8Fyb2h+HLl696WllqJ69Nu2XOArMZpBCuGajoN1jxbwT9FyH36/dvkCt/w10Acvb+h3uxOhvoZzCbi4OLQVJSiuH1q9cMt2/cvXB7zj0beBgQAwwKtS2AFuwH2vwIqFmd5Fi40H/1BFDzQaBrdTFiYYTnBQAI58A33Wys0AAAAABJRU5ErkJggg=="
89,Chevrolet,2417,"data:image/png:base64.iVBORw0KGgoAAAANSUhEUgAAABAAAAAQCAYAAAAf8/9hAAAABGdBTUEAAK/INwWK6QAAABl0RVh0U29mdHdhcmUAQWRvYmUgSW1hZ2VSZWFkeXHJZTwAAAI9SURBVDjLpVNfSFNRHP7u3MiHZqJCumZZamVRaSas0V40i4gKeoreIjKI3iK40GsPEpQEIRRBj/17kYKMSodlZk8rmy42mUjjLrfVnPt/77nn9jt3NSFfFH/w8f3OOfd+v3/nSIZhYD1mwTrN+s8JBoOXNU0bIBTJcoVCIZ3P5+OEL7lcLkacIg4R3sqyzFYI0Ad36UcQZI/Hc3/NGWQyGRtFHSahp2spQRoLsx/EzmzICxJA9Z7j0HUOZkKHxnQwTYdKrGlizUxWS35ECBibremyopiKGAwX4Ia51omFL/Z0zk2f9DEW+L08hRaHHZFYFq1bqjC/kMbuxiqElSXsbapGKJJCe0sNAvNJdO2qM/dEhqrKIHlnVcogg0g8ayqLAxGRiSjlUowytzfX4uDOWoz6ohiZisPCWCml7o4GHO10UK0cJ12NKKo6znqaUFA5zvc0Q0m8R0i5hYev+3Dpzml8mnls9kN65c8ajso85qJLYExEXo4qMtCIo79GUGH3obPtEJw1rfBOD2HS/wHFpBtWs8sU9dThrXgyGsa57h0rRtU3cB1nuo5Bt+g40NCLdzPP4drnxrOhYVhVjYHZOD5/T2BbvR0f/QtmhznnJaYpxBajsEkbcaLtoil4recBXn4bpLMXsBZVlghkjbr/5lvy/96BZHoR08oEvirjkHsfof/NBVRWbIAk2QxpNa/RddVx07l90w33/iNore9A6KcPE1PjiMylbkurfc4k0k90hWAniJs3OHlPkf8A2YeC/G6HEpkAAAAASUVORK5CYII="
90,Suzuki,1706,"data:image/png:base64.iVBORw0KGgoAAAANSUhEUgAAABAAAAAQCAYAAAAf8/9hAAAABGdBTUEAAK/INwWK6QAAABl0RVh0U29mdHdhcmUAQWRvYmUgSW1hZ2VSZWFkeXHJZTwAAAITSURBVDjLpVM9ixNBGH5md/YjH3u3EnKX5BDcKyRNUAs7QUwawT9gZSptJL/gQK6ysLYUsfAX2CSNIVgKV4VwBqIQCGc06mFiYnazu+O8o1mihaA37MPM7L7v+zzPOztMCIGzDA1nHHy96Pf7L6MoqkogDEOsVqsEQRAk8H2f5na9Xq9RHiMLMvm6aZqdfD6vgv4cmzYNw0Cn08FwOKw1Go22UiAZH7iui/F4DMuykqTNRFqPRiNsbW3B8zwiPZCv26zb7Sr2XC6H6XT6m1yyQomMMei6rtgdx0Emk0Gr1cJgMKhxYifp5JWCbNtWWLNvKqE5jmMsl0tUKhX0er0DTkzz+RyTyUQ1aB1EzRRCBqeLCDQb33wLlsGxnYohTo6QcVylkgpUqTptKElaUpI1TcPOxatIp3ZxqZQFN3R8/BrgdOZjlrqA0ragnKpGrOSVQAXWoD2y57G/m8apz/B+Kt8xHXs7DiLTTY6YU4F1Ekkvl8tqJnz6HsA0DYR+iFi2wQ8FbK4jFFx9TwrQCfz0LBJQwGJhIFhFkA/C+FcjGbCQPSt5JaWSy462ms3mzY2/LJn3KjcwK1yBkzLhRwJck1a+rCA+9/Hk4TNJZLfY3y7T4+bQszjunMuahyRgOvfj8MMxu5Y/YfO3r2bvjo/usX+9jS8Ob90tFAuP8t5l983r5oL9z3V+fr98u7hfeRrHYeoHJYR682gpzWwAAAAASUVORK5CYII="
91,Hyundai,1100,"data:image/png:base64.iVBORw0KGgoAAAANSUhEUgAAABAAAAAQCAQAAAC1+jfqAAAABGdBTUEAAK/INwWK6QAAABl0RVh0U29mdHdhcmUAQWRvYmUgSW1hZ2VSZWFkeXHJZTwAAACjSURBVCjPY/jPgB8yEKmgPKH8ffn/0n4IL3F99P+QAjQTyveX/IexIwWCz2NYUbw/7z/CYK/9GApy92cgKXDEVJC+PxFJgQWmgoT9kUgK9DEVROwPRFKghqnAv9/7v2MAhK3iINePocBNwf69xXlDhf8Myg4y58UUsISkmYL+fI39ivul+0UMSA/q/wza/1X+y/0X/y/0n+c/+3/m/6SbgAsCAM8i/W7eee6fAAAAAElFTkSuQmCC"
92,Chery,1770,"data:image/png:base64.iVBORw0KGgoAAAANSUhEUgAAABAAAAAQCAYAAAAf8/9hAAAABGdBTUEAAK/INwWK6QAAABl0RVh0U29mdHdhcmUAQWRvYmUgSW1hZ2VSZWFkeXHJZTwAAAH0SURBVBgZpcFPaM9xHMfx5/vz/Ywfv6ZwGC1mtRsXtRvFQSmlKK3JkRJymAul5EJcrFZrcnO0QpELDgrlKJcd5M9PtpHawew39v2+3y/7rlZuLI+HSeJ/2OGhO2d27+2/PtNWUwIiUAQejkKEArkTEnLHI1i3qpybmJg8f+/GwGju39U/0tFopq4GK9Gca/sIMJrbpVJ75gcrNV8qsSjLxZVjfazUiWstalkKaguVI0AhPCAQEcIj8Ep4JVzBgoveTZ14OLWMRM2SYRJKhkxYGCkZZgkzxwpRRCJXohaVU8seTi0BMgODQhAGEaIQJCvIBm7CU1ALD2pZIZaYgUQCZAYGZiAXYSADklFEQS3CqeUIZ5mZsUQiATIjspEjmHp4k+mHY7Q/vaWjq5sdq/cAB8lVWbLEDAMkYWaIRRIJmH50i9lX4+w8cpzVvduZf/OYNc+f8mRfx9kkD2oFYICZYYAByYxkRuvuMH17DtF49wy7fZS17+/T27MBmYZyRLDMAGORGX9amGrR2NQLB86xLF/eTBG2LU9+aI2fGi4Hwp3wwN2JCLwsiQhCYqCxnvbrRzQfnObX/BfawOz3Ai+YMkn8zYvB7surOpsXt2ysck6fmf1W8fFr4eVPXTJJ/IuXg1svzM1MnSzcerzQpGBs/+Pq6m9gRhRi/EsJnAAAAABJRU5ErkJggg=="
93,BMW,2293,"data:image/png:base64.iVBORw0KGgoAAAANSUhEUgAAABAAAAAQCAYAAAAf8/9hAAAABGdBTUEAAK/INwWK6QAAABl0RVh0U29mdHdhcmUAQWRvYmUgSW1hZ2VSZWFkeXHJZTwAAAGfSURBVDjLpVOxSgNBEJ297B2iiUmToKABCxEVKyGVoJ+QLp1RxE4sRAQL26RVsLHRQouAkMoq/yD5Ads0ErDIQe5udu+c2eTCGU4MuPCYmbvZN292d0QURfCfJZ9eXh9WV5aPpW3bUQigQg0YKFBKQcAgP0AE38eRDcgShp6HX/3PS0mbT5dumyJ/+A5HmQ24337+s6oQAIXFrN28e1yXUjqifHYO9uYHXIgyFGR2JukL83OACoVEreDg6ppYRSosyzKYjhlrO3sgozCETCYD/X7/R1LahmRcLBYhny+ApVQ4kdVut6HRaMx8A0iHbGmtgS7AoFarQaVSgWq1amLHcSb/kqCDMzbAAGSAynxgtFot6Ha70Ol0TMK07GRb3Db6PkiWEVer1+smgeM4kdf0GZgHRAWVGiuIZSUPMFkxLWYFih6WxHELcdVpklgBx0mfLTIBP09mY4LRK0uvGCMm4T2+IgLXdQekIFcqlVKTfyNh6/ueJ3u93s3W7v4J8eYCzUNEw4SjYeIelUbja/KRrlxT1VBzDg68ofsm/jvO35HitdVS/1ysAAAAAElFTkSuQmCC"
94,Citroën,2722,"data:image/png:base64.iVBORw0KGgoAAAANSUhEUgAAABAAAAAQCAYAAAAf8/9hAAAABGdBTUEAAK/INwWK6QAAABl0RVh0U29mdHdhcmUAQWRvYmUgSW1hZ2VSZWFkeXHJZTwAAAI3SURBVDjLfZM7aFRBGIW/mXt3swmuaMjGBwqCBlQsRPCB2GknCIpgJSKKkNZGxM7CQrSw0Ngp2vsoLBS0srERUSMiKkFRYkLMO7t778x/LO7VxFdOMWc4//xn5j8wThL/wqnz9w6BrgIrhQNBuSzEQMp/odtnjm7t6m00cC5FQG4OK2rEkHHuyuP+/xpIdDV6GvRfvsWGvr5feuIdn96+4sLpfkxikReA9yl969exZecuEp/gkwreeyqJxwzMFjEwCQM6OmrUOpfAH1kJEU2k7x5sf1Fbunmzc/73sg4QDJ6/HmZUQ4UaiwQ+v/nKsb0QzEid/Ma1e25UnFuQtHPEh3eQwCdVfNJRBlBSpYaAEIyUoBaWdbSHB4hZAn4pztUJ0UAwMjT413gjQ4Og/eTRSMmdl2XErIpMWPMT+ew3zm4bofnsETePGDBUZmBYFsl2V5vgOkM0UpxqFppkc6Bslnx6ivrGY1Qbq1ixehnOuWIsqeCkzucnJ5KKz2KMmkzJPWlnL8s2nQQMJISxJP/I+8EHxDCLxRkUZpA1qfYe58uHMS7dvT8uOJySS4otbO4lipMoTqMwQbfGWd49CWGi1KdQnKVzTUqlNmwPrx1tAKS0kSxg+SgKk8XhMFHux1GYKpsLAylAez7QlExyRBS+l43ljb/MpuebrVWMGRYYKLPxMDfWlc9U61jdSxWwOqgHxTaQIV+w85HYakmZtecNWu2LH68f3IHYh6O+2N9AgHuaYbr9U/oB0sFcUlVzMrwAAAAASUVORK5CYII="
95,BMW,1726,"data:image/png:base64.iVBORw0KGgoAAAANSUhEUgAAABAAAAAQCAYAAAAf8/9hAAAABGdBTUEAAK/INwWK6QAAABl0RVh0U29mdHdhcmUAQWRvYmUgSW1hZ2VSZWFkeXHJZTwAAAMnSURBVBgZTcFJbBtVAIDh3+MZj+3xFsdxVmo3qiCspU3axIKGpWqphNScCpReekTiUoQEgjPXSvTABTgglQghNUAViS09gFTEElJEcmgSkjaxm92JHY/HjmfmzSMRPvB9PiklBy6PFU4CH/Ymgrma41FzPBzPo+56u4AJFAEBlIBt4Drwo0qT57qDRzsiubefa+P/LNuL12wvXtoTPbYDZkOwVKzy3aJ1Brii0uS5bnvQWuPnsW8o5f8BnyTU8TC9A6dpfyjLIV3BryhofjjWE6IrbiQ/+WP1qkJT6/xXQ8m/P8WoF+g/qtP/ZJq0t8b8+FV+u/U1W6bLZlVw4L3RPLnDBk+ktDb/7p1x5d7kD9eHO63zQ73S1/tIhUTPFNHoMiGG6c5k2ctPkrcCRNuyJAyFiTsFItEAN6c3V9XebNfHuaf7Lz3eUcbX+Asnr0A4guV4fNYYJeSGGOk+x9rKJNZjwyD9bFQaXJtYqACX1a6EcbFvpoD7awXfuTgy2ErlQY6V8gz+2AzYdTTXxBA77Lk+PAlCE7i2e/jmW8/sqLpuhKUNXkDFir7E3MI0UX0W0n3cWB7EEDavJuZQxB4+CVKC22ggHFewT5U+SfHsIBHNwyzvcG/HJSLLtLQcoU4MRVbB54EUKAo4QlC1ai5QYZ+a31j/ojwxnotFjOzx/hOczMbR/C0EzUXe3f6dTGcPphZiU0+S1mC72sBt2Bu3Pjgv2ae8ee3b178sD7wyVnuWmZkpOtq6CZtFlN1NzhxKkdL2+HOzTvTRC4RVha1SHWE3VmlST10ZTaFn3nlh4Bhe3WFlY4l0KoNlW+RLWyz6M7SdeI1UupNYGBYKNVzb3qBJFbZ9Gnh56u59iu0DrO8uk1SXmTY7WZIvYkf68H6qkIz7eONsB+vbNYRtb9GkCsc5PvL8U6H3Lw3xnyEOjEhwhMR2AQkffb9KWAOzWkM4zjZNqnCc++vFXT6fuEsiEiIRC5IwdOKGTjQcQA8o6KrCxVPt6Cps7ZgIx3lAk+q57o3bk7M9tydnM0Ar0Aq0AC1APBjQtGBQI2aESMTCTM8V5oFfaPoX2glqeEUaXMAAAAAASUVORK5CYII="
96,Chevrolet,1086,"data:image/png:base64.iVBORw0KGgoAAAANSUhEUgAAABAAAAAQCAYAAAAf8/9hAAAABGdBTUEAAK/INwWK6QAAABl0RVh0U29mdHdhcmUAQWRvYmUgSW1hZ2VSZWFkeXHJZTwAAALWSURBVDjLlZNbSFRRFIb/c8bLjM7NcUadvDZig1kgUVmBEpRplIj1ki/1XFAQXUAq6EL1UvSQFQk9FD4ERRGNZBcJ8UaQGgWpqSOOk46XyctxPHPOPmfvtoJCkUX7ZT+s9X2svdZeAmMM/3P6fV4fUVmZFNJ9RccGq2L+Cbz0uijgEgWMUsZOGUXLviSjA4Efg/sX438V+Bu99yFgL9NgI5SZLSa7GOybYqCqsKCwxlUFHMyjDJ+t7jKjLb0SAtMhjzRCHfsEq4kI/rGZiweuDF36o4DDBw3G5KfW1CrYnBsgB+ugR6ZApsbBBDOcOckITMxU89RfBRx08+uRyblpt8VVhViDAnm4FlSRecUKRJMRTJM54UCKOSZ3mYsZaPDmiQY06xrSknIOCfbMCqjh15BGW0BlGVqUi2YXEB/HEBfDwHQGSaZ0RaAp7J4zr9BtTSmHrvSDhO5CJLNgRMVcWAKJqCBRglqzHRGN4HysjtkIHV8REInlxyc6oUS+o7fDh7g4ilhmRjwPWm2xCIxJMPC/EjWqyHCux9mRLlRorHNZIMrztCHU8wWapiIhIRfBHitC4wm4rcXj6qSAB3Ybai28efY85KcVITPZi4fuaGXJDYd5USAs/sSWW552iztpe+7WcjTV+VB29DDOtDxBacER6IxCpzooGEKzQSQlpqDD/w6dgWYa1VTH0hSKT/p3vL3u6VOUV+vc3nyEBsfAg0vwcJj3hWrQKAHRCeYUCYWZxZgnC+KHodawuPyW0hq/d2Jo+nlkphcD3W1cEIXGR5NqzUKaNRtum4eP1gSXJR1dI21oG2ydXFCxWfh9mZ6dW1sGxhrrs0QoqgqVqkvVeJwF2ObZg4+BdjR9exNSNewavca+Cqtt4+PTOZdB2YWUNRZkpJlQPdyNjZk70dH7XpJAt3C4b6WJq536E9kGVWE1hOD4zfSgS2GiUDidUPLizlzLcs5P3E1ndhQ2sD8AAAAASUVORK5CYII="
97,Honda,1900,"data:image/png:base64.iVBORw0KGgoAAAANSUhEUgAAABAAAAAQCAYAAAAf8/9hAAAABGdBTUEAAK/INwWK6QAAABl0RVh0U29mdHdhcmUAQWRvYmUgSW1hZ2VSZWFkeXHJZTwAAAL+SURBVBgZBcFNaJtlAMDx//ORjzZbs7TJkmowbJcdZqr1oNavCiIIMraBh0IY7uZx8+OiVw9SQZgXp3gR3A5OtIigcxMcylyqVPADh0WNpO2bpk2bvm3e5P163sffT1hrATj/2drDwKXjR7JzwyhhGCVEScIoTlzgAOgBBugDO8DHwA0NAJDE8SMPVA7NvTpfAgAAwAuT/DBM8n3fVMMIDgLDf70BX//jPQtc1AAASRyXJ9ICgLU9Q0oItAClIZOS3JeRKClJKZitjnFPPjf54U/OOxIAwETRRE5DnMBBKHAj2AvA9cH1YWcEWwMDwOtX28wdy3F/MVXSAAAmiiYPpyVeAJ5vkFKgAaVAKlAIlIAEEGaf5r99fmm7jgYAMGFYzo8p3FHMMLBIaVESpBEoCQqLUoBVdPcD3r359z5wXgMAxGFYK0+kcH1LDGBBGYG0gAGFRVtJYsGkDHEYH/vi5cd3JQCACYNaJZ/BCy1CghICCUhAAADCgrUQBwEmDAyABnjuzetjWsl0JiUJjUFiAYsFDAIAAUgJkTEMvGEM7ANogDgIS7lcFinAD3xav/2Iu/4npakCTneHk0+d4dDhSW5f/4jfiwUek1uy67Rfm59/6z0NYMJgXOfSWBOxfONT8tLjxXMNPM9jfX2dZvMrVCrL2dOn0FrR6XTkysrK2+12uySeuHClCFw+Mz/7wvHsFs3vv2WhscDVT77kr1/vMF2pUK/X6XQ69Ho9OpubpI9Ut155qXF0aWnJ1SYMnwGeX7nb4k77Z2aq4wD0y6cYDG+xsLBAoVBgMBiwvb3N5fc/YHf8wW+Ac/l8PqNNFD10+umZsTcaj3Ltmkez2QSgtvs5a9KyuLhILpcDwPM8bJIwtXv7STjJxsaGr00UtTZ7Lldu3iXU0/TdAT98d4v6zAz1ep1ut8vq6iqZTIZarUa5XMYPo6PLy8t7juNsitnGpSJwEahhk6KK9qpToz9O3Fsp6kw6LYSA1qhEdnyCaVpYm9go8H3Hcbqe5539H/YvZvvl5HpaAAAAAElFTkSuQmCC"
98,Fiat,2126,"data:image/png:base64.iVBORw0KGgoAAAANSUhEUgAAABAAAAAQCAYAAAAf8/9hAAAABGdBTUEAAK/INwWK6QAAABl0RVh0U29mdHdhcmUAQWRvYmUgSW1hZ2VSZWFkeXHJZTwAAAJpSURBVDjLpZM7aFRRFEXXffPyJokzmkSFWBiJiGBEDH5io8QmIIqFojbaaGkZSBVtbAOCpZU2IhhRLJSAEFELISIpRBB/wxgwakYnn5d5n3vvORZCjB8sdJeHw2Jzzt5GVfkfhb8O3ANTUmVQhQMi9KmCChMijKlwsXxY4+X7ZrkD98D0q3DFdA11m7Y+NOoA9WhSw9cnyV6PVEQ43X5EH/4GcOPmiLb13wo6T6Ktq/CNl0j2BXUpmGaC5k0YG5C9HyX79PDo2hN6ewlgx02HKtXCtuslCebxaQXsAuIy1KffIaKYYheF4jbmnpyJRdiw7qR+DQBUGAw2DJc0Askq4BYZv1MDycHnPLoPYmPc/HN89pbWLcMl8QwCBAAiHDLte5C0groEFcv+gy2oWNRb9vXHqGSojXGzzwjbNiOeQ0tfEKGH4kokmeVT9SstLdAUOUJy1OXYzJIuepJFWN1RAzK8p3sJoEKiLo3wjpmpORoLOXnqsVawVaEUBuAD4kTZe8qCKiIUfjjwVLBJL0T07G5HXYa6hM+VmNl3RdYYg00MU/UEE7QiPsRmvFl+g7u2NomJulAB9TnqLFGzJ2ukaJLjFhIkbBCu3E5Sq2Jz7v4AeC41XlyIcWWCaD2oQSWjvMrRtGWetzN1qvNzrD/ciRa3M/34QmwzLv0UpJkb5li4dmC0uesoFBZw9af45APqUkxYplDuxbOR+st71F+NHd8xrDd/i/L0NTMgnssreoa6o9VbCZoCEIfLPIvTr/j4ZKTiLGd3ntOxP3YBYOqqKYlnSIQD3tPncnCWCWcZc5aRXef/UqZ/0TcrHX7i2ZbMyQAAAABJRU5ErkJggg=="
99,Chevrolet,2611,"data:image/png:base64.iVBORw0KGgoAAAANSUhEUgAAABAAAAAQCAYAAAAf8/9hAAAABGdBTUEAAK/INwWK6QAAABl0RVh0U29mdHdhcmUAQWRvYmUgSW1hZ2VSZWFkeXHJZTwAAALqSURBVDjLjVPbS9NRHN9T/0BWFBQUVIQKXigCpVIyygcDJUrnZdNEc5hlmZc0TdSF0bxszs3LvM3pXE6Xa3NL0TJTl7pcTY1Ec5rX/WxqCrHhp7NBPaRGD5+Xw/lczud8vzQAtJ0wWhLp+4kbUThSFGrQFwTrB59dE+ryA/3+vreNOMaPOmLkMeUT4mTMaoph1klh7pPApOLAUH4LPTn+X7qzLwXsKDDGj0wy8hibM+oCrI9pYTWGA0ZnWEd8sWZQYvXDC5g0XAzyo6BJP5f/R2C89OYeErlquiUPP9vogNgF1iYfbH10B0zxRMQFC4oszMsz8F3XBOqdBKqUs7a2B6fdHAIkMnu6le1w3WrwBLrjHSKWrhhYh72w2kVHjTIIae3eKFJexkp/I0YlKWhJdKsgZIanoTjMtlHPxSY9BD/YgbA2eGPteRjmWzOJazrmZKl4rL4AQT8TD4nIfPMjzKgKIUtwNtJIyxXftISclICN3GxYfHyw3FEEy1ALLIPNsOhkWGzLw5umCHCUflBLr2O29i4WXgnQwDpB0YY5NyapASmoxlxQrGAsFrAIWQ6D6Da0GecxXBaLFfLmuHI+TgrkCBCIYKqIwVKHEHWxxzZp758GbTrc9AqYu4WYb8kkRcnsLcPejzL5DKi3dfAQSEFX9RKRZkzxQklKIaqjD4PW9+QqVy+IxmdpOkwvOaB6xVjpa8QQOSMtY4DHAPW6GuLSVFwprUJxSQYWlRyMS9JQGXlw3PELZDB8OzN9c0hkdXua1/pYfTKonloHkeoWYVachCkuHZNFwZhrTMeCmov2rIsoY+wL2TaJJLKr4r6HzUyIpso4R9yp4mB8LWFgScPHtJyNjhx/CCOcCnccZTua77jKRkiJy51lmKlJxJK2lJBLoOMxiet+myDcKWXXXbBDGn/KTcI6brO7TUgzMcBl4Pk9d3tkhSB8r+s/l+k36mKOJpKW10VRh/TlzAOFJLLnTvd2Ffhf/AKfTM1hskDhXAAAAABJRU5ErkJggg=="
100,BMW,2055,"data:image/png:base64.iVBORw0KGgoAAAANSUhEUgAAABAAAAAQCAYAAAAf8/9hAAAABGdBTUEAAK/INwWK6QAAABl0RVh0U29mdHdhcmUAQWRvYmUgSW1hZ2VSZWFkeXHJZTwAAAI3SURBVDjLfZM7aFRBGIW/mXt3swmuaMjGBwqCBlQsRPCB2GknCIpgJSKKkNZGxM7CQrSw0Ngp2vsoLBS0srERUSMiKkFRYkLMO7t778x/LO7VxFdOMWc4//xn5j8wThL/wqnz9w6BrgIrhQNBuSzEQMp/odtnjm7t6m00cC5FQG4OK2rEkHHuyuP+/xpIdDV6GvRfvsWGvr5feuIdn96+4sLpfkxikReA9yl969exZecuEp/gkwreeyqJxwzMFjEwCQM6OmrUOpfAH1kJEU2k7x5sf1Fbunmzc/73sg4QDJ6/HmZUQ4UaiwQ+v/nKsb0QzEid/Ma1e25UnFuQtHPEh3eQwCdVfNJRBlBSpYaAEIyUoBaWdbSHB4hZAn4pztUJ0UAwMjT413gjQ4Og/eTRSMmdl2XErIpMWPMT+ew3zm4bofnsETePGDBUZmBYFsl2V5vgOkM0UpxqFppkc6Bslnx6ivrGY1Qbq1ixehnOuWIsqeCkzucnJ5KKz2KMmkzJPWlnL8s2nQQMJISxJP/I+8EHxDCLxRkUZpA1qfYe58uHMS7dvT8uOJySS4otbO4lipMoTqMwQbfGWd49CWGi1KdQnKVzTUqlNmwPrx1tAKS0kSxg+SgKk8XhMFHux1GYKpsLAylAez7QlExyRBS+l43ljb/MpuebrVWMGRYYKLPxMDfWlc9U61jdSxWwOqgHxTaQIV+w85HYakmZtecNWu2LH68f3IHYh6O+2N9AgHuaYbr9U/oB0sFcUlVzMrwAAAAASUVORK5CYII="
