matr√≠cula;nome;grupo
5543063555;Markos Lanceley;Verde
5479421832;Yasmin Feldhuhn;Branco
2811036148;Tallie Golley;Branco
6671814295;Gustave Barnwell;Roxo
4697925483;Alvera Ludwell;Vermelho
5274904211;Pierson Dodding;Rosa
5769495065;Eugine Arnefield;Vermelho
1260745368;Dallas Dishman;Amarelo
1434301680;Mata Corradetti;Azul
1205456996;Marigold Joyce;Branco
0550280103;Ari Stirrup;Vermelho
3370550180;Eryn Bride;Preto
3528088559;Joscelin Camerello;Roxo
5844861876;Brittne Gilhouley;Amarelo
4394716233;Kleon Reece;Branco
3080017331;Curry Padkin;Branco
5963646987;Lillis Peniello;Rosa
6967676318;Francine Childerhouse;Vermelho
2611577382;Evey Goggins;Preto
0713867027;Gustie Sharkey;Verde
1702464016;Lewiss Hornung;Rosa
3629705820;Eunice Worsom;Verde
7315065466;Melonie Cawtheray;Amarelo
9525483665;Felice Pimblotte;Preto
1202295525;Joice Spellessy;Branco
1550729373;Vasilis Adamowitz;Branco
9570054603;Timmie Jellico;Verde
0327277645;Ripley Belcham;Amarelo
3836248956;Travers Harper;Roxo
6909269195;Shelia Bride;Rosa
4545760295;Melania Nellis;Azul
6151104501;Elizabeth Pirdy;Rosa
6909951611;Dallis Hupe;Branco
3341174710;Adrien Ianniello;Vermelho
4049230097;Riley Pawlick;Rosa
4495607006;Dolores Cumine;Azul
4952511472;Jephthah Norgate;Amarelo
2673633014;Arturo Hallaways;Vermelho
4207473181;Noami McNamara;Branco
0629886784;Karlens Master;Rosa
9518898472;Marwin Pietz;Verde
0296700037;Douglass Blount;Verde
9133377456;Adelaida Goult;Preto
3207983936;Jonell De Atta;Amarelo
0286460610;Donnie MacMickan;Branco
9586533409;Jenica Bremmell;Rosa
3854562314;Dell Lynn;Azul
6964010114;Lisa Purkiss;Rosa
6097922833;Kristopher Stuke;Vermelho
1568616902;Tracie Winspear;Amarelo
8989595428;Shirlene Ritelli;Verde
3918152758;Ted Mendenhall;Azul
0050112953;Alleen Yemm;Amarelo
2193071349;Batholomew Legh;Rosa
9110903844;Evania Joerning;Amarelo
9782696579;Editha Riordan;Amarelo
0800430190;Goober Fayer;Roxo
8039866162;Antonetta Verbrugghen;Roxo
0493809023;Deena Sheals;Preto
0294941924;Karoline Geibel;Amarelo
6605248082;Nelson Sandey;Rosa
6254811138;Malanie Kippen;Branco
4090023009;Chelsy Scarborough;Azul
4856850407;Hedwig Boggis;Azul
7108124610;Francene Purry;Roxo
7820998008;Aaron Byars;Vermelho
7679133549;Hestia Ferrario;Rosa
3558375580;Hermione Remer;Amarelo
1837232857;Bellanca MacAnellye;Vermelho
8538054589;Gabie Urry;Verde
2261183682;Althea Bridgnell;Branco
6327508391;Conrado Fanshaw;Roxo
0005629446;Linnell Imlach;Roxo
1936933772;Cyndia Clymer;Branco
3972583230;Rhianon Keeffe;Amarelo
6005625829;Cirilo Groger;Verde
3501332017;Letizia Ryson;Roxo
7394657817;Murry Calverley;Amarelo
4383630413;Ruddie Taunton.;Vermelho
7044853528;Obadias Housden;Verde
9441370193;Alfonso Yoodall;Roxo
7206349676;Frans Uff;Branco
5482959082;Noam Barczynski;Branco
1068901276;Jayne Janeway;Preto
7180424579;Dimitry McLarens;Branco
8004314805;Sebastiano Bonefant;Vermelho
4710767874;Larine Barhem;Branco
0436757060;Merrill Lissimore;Amarelo
3150190959;Arlyne Synke;Amarelo
9184320850;Roxi Haugg;Vermelho
7566210025;Walker Jorat;Rosa
1447439317;Ilario Colomb;Branco
6283659624;Trumaine Suttling;Branco
5950351495;Nicol Childs;Roxo
1285679806;Mara Poundford;Azul
9121183538;Hedvige Ishchenko;Vermelho
9884429626;Dari Gatherer;Amarelo
8807587580;Margarette Rayment;Vermelho
2874246689;Mady Ovendale;Branco
0855754451;Naoma Radden;Amarelo
3467030378;Reena Queenborough;Amarelo
2138179664;Sanders Kuzma;Verde
4418002316;Lucky Millbank;Vermelho
4202252691;Nerte Smalridge;Azul
7929202844;Otes Grevile;Rosa
6942474711;Heddi Jewitt;Amarelo
1557636389;Jodie Garrity;Rosa
2731684860;Bel Duffus;Rosa
0631831649;Grove Holston;Roxo
3477109716;Hadlee MacHarg;Preto
1233641999;Melania Viscovi;Preto
0956972144;Karlotte Auston;Amarelo
7637516105;Agna Weavers;Amarelo
5786290018;Fredra Mabbott;Preto
5263328419;Pauletta Lafferty;Amarelo
7926536326;Esra Layzell;Roxo
9406632640;Adan Noblett;Rosa
7897478629;Dwight Hammerman;Preto
1083093339;Esmeralda O' Dornan;Amarelo
2355662673;Sherman Gabbitas;Verde
7280663907;Barron Belhomme;Roxo
4501202149;Jude Ninnotti;Amarelo
1000278425;Grannie Crosscombe;Azul
7625375005;Chen Crudge;Azul
1162660481;Ronnica Bygrave;Amarelo
2030273260;Joyous Allsep;Preto
8993106843;Tobe Nickless;Amarelo
9500621991;Alano de Clercq;Amarelo
0803677588;Hettie Merrington;Rosa
6902663130;Moyra Woolley;Amarelo
6923155266;Duffie Como;Branco
3868764518;Wynne Spencley;Azul
3648273817;Lynna Sykes;Amarelo
3450378732;Cele Janczak;Roxo
3304554416;Masha Clist;Amarelo
1744852634;Millie Dessaur;Roxo
7213363956;Mohammed Bulter;Vermelho
6587632181;Mei Langwade;Amarelo
7569547837;Roz Millichip;Preto
5403385193;Virgina Sambidge;Rosa
3096820147;Ingemar Hugonin;Preto
0111947057;Cece Ekless;Azul
3637737345;Antin Gheorghie;Preto
8065570623;Tom Peracco;Verde
4851111002;Myles Beddoes;Rosa
0214253155;Laney Aspy;Rosa
0815759460;Carree Codman;Rosa
0423262785;Truman Hordell;Vermelho
0212729187;Lilith Cremen;Verde
7613808599;Immanuel Lightbourne;Roxo
6789599304;Lynn Howood;Azul
4782447639;Des Gallyon;Branco
8478301623;Angelique Trayling;Preto
7372403553;Warde Pencot;Verde
3904733575;Roarke Helix;Verde
2198985462;Thedric Gitthouse;Branco
8482007238;Delinda Matskevich;Azul
2837716030;Tabitha Duiguid;Vermelho
1233447459;Ab Boughton;Vermelho
3059110891;Hilliard Hugli;Verde
8777872908;Jervis Weakley;Vermelho
5065867321;Hamnet Doyley;Verde
2443108694;Glen Kevane;Vermelho
8695720829;Kariotta Van Driel;Branco
6097698348;Genvieve Scintsbury;Rosa
3598190891;Cahra Bramhill;Preto
0754066940;Garret Rennison;Amarelo
6895446869;Sly Larmouth;Branco
4422284495;Yoshiko Hardison;Verde
0326553940;Eryn Sawyers;Preto
7837102401;Selie Hyder;Branco
5392731953;Pierson Vodden;Roxo
2311123459;Demetrius Bremond;Roxo
6433520839;Kelci Tuiller;Rosa
1030644055;Theodoric McIlmorie;Roxo
5884752903;Kiah Feeny;Roxo
4455816429;Yvor Hendren;Branco
2344458964;Dru Gillinghams;Preto
1441882367;Katerina Bulgen;Amarelo
6313708172;Gabriele Hunton;Roxo
3893445552;Roseanna Terrett;Vermelho
6521656376;Martguerita Godehard.sf;Azul
6772608763;Lilllie Matkin;Roxo
9719861959;Ingelbert Magner;Amarelo
3812220245;Rhodia Issacson;Vermelho
3080058305;Stanton Spellessy;Roxo
7600052229;Gilbertina Cremen;Preto
2786038014;Page Oriel;Vermelho
0366895303;Madelin Falconer;Branco
7371352149;Terza West-Frimley;Amarelo
0407231986;Rebeca Wordley;Verde
5188188287;Joni Silverston;Verde
1693475391;Niels Rewan;Preto
0503591114;Mead Tewkesbury.;Azul
2638193887;Lauree Leefe;Azul
2085063764;Sam Sommersett;Roxo
8014106741;Elvyn Reveley;Vermelho
6660911979;Abbe Lenden;Azul
5760003267;Ben Aronstein;Rosa
9577641253;Johan Leil;Roxo
0549522468;Rey Feldhorn;Verde
3226351702;Alane Cardenas;Rosa
4537212322;Oriana Frayling;Vermelho
8798879723;Mildrid Howsden;Rosa
6080752077;Ives Robshaw;Branco
6210380050;Ellerey Giacovazzo;Amarelo
0160144728;Alida Hexham;Branco
7119881965;Inga Silman;Vermelho
1923259644;Nettle Dedam;Preto
5328649028;Barney Castane;Preto
9003602220;Guinna Detheridge;Preto
9904668884;Ernestine Mayworth;Amarelo
4748287691;Lucie MacLure;Rosa
0135022681;Gerri Losseljong;Verde
0869839055;Elsi Grady;Azul
7070137931;Saul Crocroft;Preto
1973441993;Rianon Lindsey;Branco
7368519348;Damien Ranfield;Branco
1091731233;Adam Elegood;Azul
6266024136;Janina Trayes;Verde
5946130900;Harlan Grotty;Preto
7214957191;Charity Macy;Branco
8367678052;Briggs Golds;Verde
0290043255;Martynne Allerton;Preto
0077843185;Roderic Mourant;Preto
2082491749;Cordy Keasy;Branco
1726479897;Patten Gowler;Vermelho
5624107404;Wilone Tinghill;Branco
9112628786;Shane Gilliat;Amarelo
5743726175;Betsey de Savery;Rosa
5274901026;Ivory Silwood;Amarelo
6104618855;Garwood Felce;Branco
3111196216;Lodovico Creegan;Vermelho
6695004943;Thoma Kunkel;Azul
4286894797;Emelda McConnell;Rosa
0711068518;Clio Gaines;Verde
7362455224;Philly Bycraft;Branco
1867577887;Edouard Alexandersson;Rosa
5538717119;Ernestine Blanchard;Vermelho
5734856525;Darwin Doelle;Roxo
9554799527;Susanetta Dyball;Azul
2381995811;Catrina Zaple;Branco
7414495442;Logan Ferriere;Branco
5896732325;Gil Copnar;Rosa
6975111448;Xylina Smeeth;Vermelho
7075217739;Ellwood McGilbon;Branco
0823535592;Bartholomeo Peye;Preto
7710262287;Brady Asgodby;Verde
6679998735;Bidget Montilla;Preto
2060654777;Michell Albin;Azul
1719706417;Joy Cardoso;Preto
9388612906;Ingunna Landis;Amarelo
7780609839;Sileas Yarrow;Preto
3041134993;Elise Caller;Azul
6021323343;Aloin Antognozzii;Vermelho
9141915577;Bernie Friatt;Preto
4167616882;Carma Drysdale;Amarelo
2847317414;Jazmin Shoreson;Vermelho
9219226707;Dorene Whitnall;Azul
7748976910;Bibbye Feldstein;Vermelho
4607126861;Tremain Gerrett;Verde
3309347389;Debra Haggata;Branco
8396157839;Cooper Guiden;Roxo
5426272727;Moina Craufurd;Verde
8091331568;Poppy Heinicke;Roxo
1360947027;Holden Banishevitz;Rosa
5772992899;Blondie Addlestone;Vermelho
9691394235;Esteban Alberts;Roxo
4844041320;Konstantin Goldstone;Roxo
9803583611;Mylo McRobert;Roxo
3375267894;Penni Bolding;Azul
6112612798;Star Tome;Azul
7274550977;Marion Eskrigg;Branco
2889241645;Olympie Headon;Vermelho
7902468932;Doralynn Erasmus;Vermelho
2030086169;Fonzie Scurlock;Roxo
1026472350;Cirilo Rojahn;Azul
9587255372;Brucie Kwietek;Azul
2077213345;Harli Kleisle;Branco
8822398203;Emory Bloy;Roxo
3514344868;Cara Domsalla;Roxo
0803585675;Ivonne le Keux;Rosa
3751797874;Padgett McNulty;Preto
9152564088;Ganny Malpas;Rosa
7364424652;Bank Thorington;Preto
1622478924;Garik Quigley;Azul
9616788590;Pennie Orring;Roxo
5838002190;Carlene Eard;Branco
1149501618;Westbrook Shillom;Branco
9073482291;Stan Padgham;Preto
8921801928;Roman Le Blond;Azul
7985662782;Erminie Haliburn;Verde
0970266405;Elsie Wrightson;Vermelho
4106896699;Laryssa Peascod;Preto
6993094878;Web Antushev;Verde
9356477124;Christabella Fernie;Roxo
5350663593;Hermina Cleaves;Roxo
8196846142;Junia Ash;Vermelho
4588193813;Hilario Baythorp;Rosa
6506553804;Ezra Boatman;Verde
6726514557;Waiter O'Spellissey;Rosa
1553401492;Rhodia Hookes;Amarelo
8362824077;Amerigo Giddins;Vermelho
5150229504;Lion Bunce;Roxo
9775124093;Adolphe Edgin;Azul
4850780725;Monte Swainston;Vermelho
5744884041;Kaela Dinsmore;Azul
4811476565;Olwen Dorning;Amarelo
9871943334;Mollee Coultous;Roxo
9605093111;Nicolea Seeborne;Vermelho
6059197493;Alvan Eborn;Branco
7397257615;Flossie McArtan;Azul
4040585526;Trever Hallahan;Amarelo
9794663328;Jeramie Ilewicz;Azul
1282772376;Jaye MacLachlan;Amarelo
3303278083;Silvester Bartalini;Preto
5151565141;Denna Buckberry;Branco
8120091140;Jasmina Hawkridge;Rosa
2376252520;Joella Twigge;Verde
4118600366;Jennica Bohje;Branco
9825356138;Bev Gair;Branco
0718880676;Orin Chettoe;Azul
6673196610;Leila Coper;Preto
9712747972;Averil Rijkeseis;Verde
9691461455;Abbi Van der Hoeven;Preto
8931214847;Bernete Goublier;Branco
7287514761;Bertram Le Fevre;Vermelho
2568338385;Brucie Sackur;Roxo
6120131795;Adair Veltmann;Preto
0234802057;Evyn Trustram;Azul
0596746679;Bunnie McLagain;Verde
3971239943;Sarene Dukelow;Branco
7408542086;Harriott Kliment;Branco
1285076680;Mordecai Nock;Preto
8204795602;Hamlen Allsopp;Preto
3007505674;Concordia Paxforde;Roxo
6795421201;Marti Hanmer;Amarelo
5549042185;Basilio Wreath;Rosa
0645991554;Georgia Orto;Preto
5249159273;Sanderson Twaits;Roxo
2668663229;Tamarra De la Eglise;Roxo
7776879916;Selena Banfield;Verde
5460171709;Jaclin Suttell;Branco
6345694401;Vera Halliburton;Preto
0422252603;Warner Demeza;Amarelo
0884015904;Stefanie Cuff;Rosa
6063032533;Devland Pynner;Amarelo
7232089902;Wanda Gerg;Rosa
3918025101;Doria Ardling;Rosa
3874405826;Iona Popplewell;Amarelo
3478087082;Juan Chadwin;Azul
6792003433;Aimee Dewer;Amarelo
3434546626;Dawna Abethell;Vermelho
1543170773;Karlens Cattini;Amarelo
6584421198;Brigida Smallcombe;Preto
4175317597;Trudy Matuszynski;Vermelho
8212958027;El Minster;Preto
2687109401;Millicent Spinola;Preto
0629141517;Ernestine Mixworthy;Roxo
0404096069;Inger Bernade;Vermelho
5446363841;Peyter Reubbens;Verde
9886140852;Huntington Bromehead;Verde
5344063423;Layton Ridpath;Rosa
1816639648;Tessa Glacken;Vermelho
1413297528;Dinny Ivanchin;Amarelo
7571182611;Dorthy Sporgeon;Amarelo
7585623666;Hendrik Riba;Amarelo
7988909746;Erda Murley;Roxo
3849894045;Constancy Brickell;Preto
4705529022;Ada Conklin;Vermelho
7791309580;Thomasin Brisset;Branco
1133249213;Cris Donaway;Vermelho
5632000699;Benny Hasard;Roxo
0821137700;Henderson Lightbody;Preto
8236482677;Raina Salterne;Preto
4450878604;Wendeline Giraudo;Roxo
3612779370;Krystyna Roycroft;Vermelho
0243767633;Florenza Carlyle;Vermelho
0835182088;Joly Presman;Roxo
0399253130;Jehanna Sircombe;Amarelo
1365137260;Marc Jeays;Vermelho
9541008615;Flint Bain;Roxo
3314295154;Minna Porrett;Vermelho
2099324026;Toby Pitts;Azul
9117497558;Angelika Filewood;Rosa
6143248524;Etan Sharp;Verde
8839538283;Teddie Bockh;Vermelho
1028766858;Patrick MacTeague;Preto
5280764701;Jo-anne Fenech;Verde
0687796407;Alistair Haggas;Roxo
6332460202;Shaylah Passo;Roxo
2379349495;Cherry Hammill;Vermelho
2090939729;Barbaraanne Maingot;Preto
3871100943;Barbey Fillon;Amarelo
3082700241;Haskel Singers;Roxo
0986522821;Benjy Vannuccinii;Verde
5809242456;Nil Kintzel;Azul
3920904842;Petey Jackalin;Vermelho
8237906861;Corny Trusslove;Amarelo
8784105704;Yorgos Enrique;Rosa
4133631064;Faydra Chantree;Verde
2703633122;Kettie Naris;Verde
8332654041;Sherill Sygroves;Rosa
6670849214;Emmery Wordley;Vermelho
1486778178;Ernie Kornas;Branco
3665005507;Godwin Stolte;Vermelho
4723862013;Jessica Dewitt;Preto
8194491495;Leonelle Liddicoat;Verde
4782578091;Sayers Parrin;Preto
2106210043;Harmony Connick;Azul
9333679332;Briant Kirwan;Roxo
6614862723;Anselm Saw;Vermelho
4402800374;Nathanil Gossage;Preto
5291531460;Glenn Lube;Amarelo
5495983777;Jerry Steel;Azul
3487807165;Selle Hyndman;Vermelho
0616165986;Nessi Cockhill;Roxo
3399191103;Orsola Losselyong;Vermelho
8076275474;Westbrooke Beldan;Vermelho
7351852243;Anni Acres;Preto
9583871621;Hermina Ivain;Amarelo
2714441947;Margarita Stobart;Amarelo
8015165857;Delora Kinkade;Amarelo
8809953002;Sharyl Kipping;Preto
1358985170;Ailina Gentiry;Rosa
9551509382;Horatio Playfair;Azul
5130092821;Marion O'Curran;Azul
7129431717;Chip Brayne;Branco
6983857801;Bennie Powys;Roxo
1378899962;Tabatha Birrane;Branco
6163887700;Annora Corneljes;Rosa
6496615799;Shae Sawl;Verde
0730226816;Eve Leonarde;Branco
3041694417;Myrtice Diamant;Branco
4993644280;Avery Squeers;Amarelo
0460286552;Etan Blei;Azul
8844739453;Osbourn Newberry;Amarelo
8664724032;Chaunce Hurleston;Amarelo
3953847201;Finlay Loakes;Rosa
3263446509;Betti Sperling;Azul
6852305899;Giuseppe Burle;Verde
0099999021;Gabi Selvester;Branco
0666983445;Jacki Fidgeon;Amarelo
4840680442;Karole Chateau;Azul
6274884513;Glad Dufer;Rosa
9483835429;Mendel Tasch;Verde
8879023225;Stephan Southon;Roxo
1160798303;Roxine Daily;Preto
7310559096;Cosetta Sorey;Rosa
3917714825;Loree D'Oyly;Vermelho
1057453633;Dennet Dumbare;Azul
9158216383;Blancha Clutterham;Rosa
1027525121;Lillis Clemensen;Vermelho
8692172081;Courtney Espine;Vermelho
8975165183;Dominique Tamburo;Amarelo
3222613265;Brannon Izak;Vermelho
7149818277;Xymenes Leydon;Roxo
9063792344;Marrilee Matchell;Rosa
6253308521;Anatola Joyes;Amarelo
7243120490;Odilia Hunter;Verde
9641114174;Francesca Tuther;Rosa
1761729071;Bar Batteson;Roxo
4972746823;Devonna Sattin;Amarelo
0275896609;Morten Gammet;Azul
4804511822;Cooper Brawson;Azul
9675719591;Alaric Hammand;Vermelho
4757004125;Mordecai Simonds;Branco
9532058265;Keen Swinford;Verde
2187590976;Des Hughland;Azul
3986329994;Ema Adame;Rosa
2564232493;Giulietta MacEvilly;Azul
5798380327;Ram Libermore;Azul
0231029802;Tabbie McAllister;Verde
8211110261;Shirlene Lean;Roxo
3889809677;Aleen Ewins;Branco
9813708077;Imelda Brimman;Verde
9877672138;Dode Olford;Verde
2097942377;Ferdinanda Loughead;Azul
8337944978;Chery Crenage;Vermelho
2602775525;Welsh Baudoux;Rosa
1956528229;Madeline Stevens;Amarelo
9238276706;Jerry Merriman;Branco
3983066321;Benji Abramzon;Rosa
8170716748;Garik Younglove;Roxo
5152272164;Timofei Sorbie;Verde
6143154767;Amaleta Sayward;Branco
7771622852;Ulrika O' Hogan;Vermelho
7401307332;Abbot Reeves;Amarelo
2344702504;Bear Twyning;Rosa
4793580475;Cassaundra Epton;Vermelho
0430144628;Jerad MacNeish;Amarelo
5329265703;Pauletta Simeoni;Roxo
2925969143;Nan Tacon;Verde
8572150471;Clim St Quenin;Preto
5513470330;Boonie Piesing;Branco
8579658276;Alissa Granleese;Rosa
3135009998;Maximilian Dibdale;Amarelo
1223501973;Ines Sexcey;Vermelho
1531867715;Rosette Lucks;Vermelho
0559836635;Alli Helgass;Vermelho
6568925608;Malory Traylen;Verde
7423925497;Jere Caw;Rosa
6191471440;Kelsey Haylett;Branco
9237522894;Paolina Haylock;Preto
0856985473;Claudio O'Moylane;Preto
9595016632;Marshall Byars;Amarelo
2830431707;Benedict McCathie;Vermelho
9454225375;Candy Bellin;Roxo
7278154820;Wilona Bezemer;Roxo
5752225442;Hurlee Spitaro;Branco
4332850491;Jud Callar;Vermelho
1750234629;Brynne Pourveer;Amarelo
1414910088;Terese Hebble;Vermelho
5966119732;Felecia Trevallion;Amarelo
2971384144;Curtis Pengilley;Rosa
9383517263;Nathanil Vile;Preto
7512045506;Gavrielle Dibben;Rosa
1642661597;Kathryn Bunton;Verde
9601545964;Bail Ardern;Rosa
2704854734;Liana Nickless;Amarelo
8685158060;Perle Wickett;Azul
1031490191;Olin Fareweather;Azul
1387962485;Marylin Simanenko;Preto
4339652652;Brigg Ditter;Amarelo
2659338477;Martita Messom;Roxo
5084912019;Doralin Butt;Branco
3271331731;Wilden Benaine;Azul
4377690493;Codie Dimeloe;Azul
2676097652;Dimitri Emblow;Rosa
3225578304;Elisa Iacopetti;Preto
3542563056;Mill Dowzell;Roxo
5133966644;Gian Tunno;Rosa
9780031561;Shandie Dominici;Vermelho
4368542711;Serene Holyard;Roxo
3952817724;Bryanty Campos;Rosa
2237492581;Corby Gonnely;Amarelo
5534997761;Kristal Elleyne;Vermelho
9190648323;Tasia Bines;Preto
0085457329;Adara Heams;Amarelo
8978656579;Mikey Lucus;Vermelho
7497775901;Camey Swayland;Preto
0087109050;Astrix Knuckles;Verde
9669222591;Germain Pebworth;Roxo
2260928714;Tracey De Cruz;Vermelho
1684179971;Lavina Chessun;Verde
8261632180;Haskell Postles;Amarelo
9526809262;Mandie Glencros;Verde
5680103850;Birch Waliszek;Azul
1493768700;Consalve Perrygo;Roxo
8956603154;Cornela Frammingham;Rosa
8420879339;Caitlin Berrill;Amarelo
7823190648;Wayne Foulgham;Azul
4562628774;Ferne Gives;Rosa
7536105606;Mikaela Melding;Roxo
8780522262;Bev Prosek;Rosa
3113735564;Edee Menhci;Vermelho
6879269656;Andy Lapenna;Vermelho
6697905875;Linnet Coslitt;Verde
2577590652;Eleonora Domenicone;Roxo
3809348414;Jan Grimmert;Verde
3761776713;Kass Guiett;Verde
2498242694;Juana MacNeill;Amarelo
8462502853;Price Ilott;Rosa
8663780141;Hilda Baynon;Roxo
9155659209;Judd Threlfall;Preto
5520326630;Reggi Dowsing;Rosa
8619007424;Dre Arthars;Rosa
7114926642;Noami Hele;Branco
0684461579;William Pladen;Preto
2625440074;Keriann Anan;Branco
5152139782;Ingra Ferrettini;Roxo
7153025782;Evelyn Bigglestone;Roxo
2013255527;Laura Renahan;Roxo
3086608218;Barbaraanne Wensley;Preto
6884679182;Adolph Speirs;Verde
1798789892;Denys Rieme;Vermelho
8339056956;Edmon Blanket;Verde
7925662735;Jerri Strutley;Preto
8135783183;Antonino Bourdice;Rosa
5282972042;Sawyer Arnson;Preto
5925256123;Ossie Le Teve;Azul
4380172961;Adah Fabry;Rosa
2071462688;Colas Ruane;Roxo
7232526121;Ethelda Erb;Roxo
2727060343;Dallas Orry;Preto
6397810232;Elmo Carmody;Roxo
6339833314;Reginauld Courtes;Azul
2231383608;Clare O'Shevlan;Verde
0201316943;Thor Pigott;Verde
3430347920;Anni Dorrins;Verde
5882823277;Titos Jaggi;Preto
3220579841;Lura Alwood;Vermelho
1685933270;Vivia Suttaby;Vermelho
9270587274;Taffy Thome;Rosa
5625862281;Hurlee Greggersen;Amarelo
9800470077;Allis Shepheard;Preto
3300171954;Ignacius Brass;Amarelo
8489663548;Camille Cowlas;Preto
4997098396;Leshia Claasen;Amarelo
2557464252;Ringo Jone;Verde
7558976316;Major Grizard;Verde
8123715579;Vevay Purdie;Azul
4291844972;Bourke Dadson;Amarelo
9441867446;Dael Grinham;Verde
0426267664;Ellery Dinnies;Vermelho
7442255760;Garvey Gumery;Preto
8597897902;Jeralee Pruckner;Verde
8394224660;Lewiss Scougal;Vermelho
9804649519;Patty Najera;Amarelo
7129128682;Clarke Liddyard;Roxo
2183758171;Kleon Pedrazzi;Roxo
0852851987;Heather Dearn;Azul
5939706290;Rosabella Coolican;Preto
7755947645;Florri Dilloway;Preto
8703231429;Ashla Matveichev;Roxo
5621779576;Carolann Desforges;Amarelo
0313917353;Sax Guinness;Preto
5087672833;Brenn Bothams;Verde
0299039714;Cristi Robjohns;Branco
1855281546;Norene Klauber;Roxo
8987821390;Peg Frake;Branco
9467533006;Corinna Mostin;Rosa
4036121138;Lionello Kezar;Roxo
2599954770;Licha Blunsom;Roxo
0316707457;Adey Shilvock;Verde
7031388457;Raviv Staley;Preto
0995667020;Hildy Medforth;Vermelho
2772831450;Hew Whyffen;Amarelo
8557986629;Bradley Peach;Azul
7390518758;Basia Fike;Azul
7232365837;Gertrud Castagnet;Rosa
1986245586;Graeme Franssen;Preto
1394486286;Clemmy Breawood;Roxo
7778125196;Almire Doonican;Amarelo
5547156086;Sofia Gorick;Azul
0652549217;Nichols Shirley;Azul
4022276738;Kathrine Bellfield;Amarelo
9036783208;Gabbi Hauxby;Amarelo
0755171225;Joan Pergens;Preto
2347559575;Scarlett Bleyman;Amarelo
1972175394;Piotr Edmenson;Roxo
1177676230;Price Cominello;Verde
9333620796;Sammy Jacobsen;Vermelho
0687204267;Olvan Ciobotaro;Preto
2563754208;Violette Gall;Vermelho
6078201859;Penni Dufaire;Amarelo
1115086871;Anselma Balharry;Preto
5460374758;Britta Sparrowhawk;Preto
4989440501;Farris Rembrant;Amarelo
3614765466;Imelda Mussett;Preto
6136976072;Tawsha Staten;Verde
1691699918;Adler Khadir;Preto
3772877818;Urbano Vanyushkin;Rosa
6668105386;Hurley Bryns;Verde
6921380351;Scarlet Sergean;Roxo
2782944916;Celestyna Dumblton;Branco
8137838759;Pavia MacDonogh;Preto
6558528614;Horace Duchart;Preto
5086893348;Gabe Sugars;Roxo
0819671290;Danit Lepope;Verde
1114991430;Sioux Hartman;Vermelho
0979266033;Krystyna Drinnan;Roxo
7185504198;Matthieu Piggrem;Vermelho
2904567941;Wandie Elderfield;Branco
2932936891;Dyann De Coursey;Amarelo
4458061216;Kristina Eadmead;Verde
5493803089;Jarad Caress;Rosa
1624975755;Chery Bohden;Branco
4109657261;Andy Hoy;Branco
4029784968;Emmalynn Killick;Preto
3308492628;Jamaal Whistlecraft;Verde
7852120679;Fionna Fetterplace;Azul
7532735974;Steffane Bendle;Roxo
6061621949;Lazaro Nason;Vermelho
2791055150;Camila Conyer;Roxo
0921213174;Coralie Whettleton;Roxo
7683378305;Natala Nehls;Rosa
6596999734;Blinnie Bazoge;Rosa
9243566423;Katha Yon;Preto
4061678965;Dorotea Dilleway;Amarelo
9747813955;Janessa Olkowicz;Roxo
8668355961;Jessey Simkovich;Azul
8201139739;Sandi Pearsall;Amarelo
2854069188;Grace Abrahm;Roxo
1225828716;Horst Sprigings;Verde
3194463047;Juli Limbrick;Roxo
6153257712;Sunny Roobottom;Amarelo
1414584849;Isabelita Simyson;Roxo
2847121072;Bord Tatersale;Roxo
3111644332;Zora Schultz;Azul
5979811567;Raf Stuffins;Roxo
3324400716;Brnaby Trowsdall;Preto
4125859515;Gelya Autrie;Amarelo
4125947562;Ruthi Rainsden;Vermelho
8352685643;Lolly Danko;Amarelo
7336715400;Marybeth Loseke;Amarelo
9797570932;Patrizius Diviney;Roxo
3421181535;Wait Benning;Amarelo
6265324950;Tobie MacCaghan;Amarelo
1335852379;Ellsworth Befroy;Rosa
4988893669;Kerwinn Harrell;Amarelo
2160066575;Bellanca Lehmann;Roxo
7533675010;Tris Nazer;Verde
1535617039;Willy MacAllister;Vermelho
8043671206;Burr Rosenboim;Roxo
5943075542;Sheffie Helliker;Preto
1600707165;Krishna Zarfat;Verde
6119824650;Lisbeth Dumphry;Azul
8403187130;Briny Kroin;Verde
5781144307;Domeniga Houldey;Amarelo
3131801662;Alard Earey;Preto
0333453174;Bendite McDonough;Amarelo
6859360895;Karine Huntington;Preto
5775399706;Darla Pipworth;Preto
5213106382;Adlai Hammond;Rosa
8923246255;Estelle Machan;Roxo
0264047826;Tim Dungee;Preto
0109768132;Vikky Imlach;Verde
0572224370;Nathanil Bacon;Rosa
1071730339;Goddart Tugman;Rosa
3130760482;Eduardo O' Finan;Branco
0394305302;Bald Drinkhill;Verde
2399650549;Aloise Ginty;Branco
0998291315;Ollie Da Costa;Preto
7929948994;Richmound Kares;Azul
8746041141;Roland Lewerenz;Preto
8299078431;Nicholas Tolman;Vermelho
9517454252;Sanson Bickmore;Azul
4865864563;Brande Heinsen;Rosa
6116130712;Walker Haselup;Preto
4687829457;Tamarah Dearnley;Amarelo
4656539473;Tatum Stouther;Preto
1748007084;Caesar Bowkley;Verde
7905081362;Reilly Mynard;Rosa
6373735982;Franni Grenter;Branco
4492019650;Orland Middlemiss;Azul
6377486286;Ginelle Treven;Preto
4500147187;Mellicent Paulino;Preto
0680786929;Ragnar Spencelayh;Amarelo
5681935450;Noami Adanet;Azul
3959210469;Lindsey Imlin;Azul
8246409697;Meyer Brammall;Rosa
6958061799;Adlai Polino;Azul
0862586003;Winn Havers;Vermelho
1125349840;Orly Renvoise;Verde
9704998473;Samuele Lapthorne;Amarelo
2304526357;Seumas Whitelaw;Verde
4958670653;Sigismond Halfhyde;Roxo
2632912113;Silvanus Mersey;Amarelo
6090350419;Shane Busk;Azul
5610166616;Gordie Duddle;Verde
2483873219;Eleanor Doole;Amarelo
1010761560;Lilith Bramwich;Azul
5901183215;Guilbert Eickhoff;Vermelho
4512016716;Cass Wheble;Branco
2768688142;Moselle Bartle;Preto
4207633693;Maurie Tawton;Rosa
8252750540;Joane Cawthry;Branco
4969188289;Guillema Rubie;Branco
6642538064;Crystie Cockings;Azul
2508158992;Micheil Ivanenkov;Amarelo
7014857401;Lucio Rossbrook;Preto
4734213712;Tedi Burghall;Preto
5423433398;Sarajane Hartly;Preto
5842055899;Valentine Miroy;Rosa
8333336345;Kathlin Macer;Amarelo
7075150340;Ellary Housiaux;Verde
0357295013;Elysha Formie;Verde
2206832747;Virgil Rutland;Roxo
2735029166;Felice Stratford;Rosa
2939354367;Berni Henniger;Verde
1763911306;Aeriela Schimon;Preto
6909154274;Tabb Nuccii;Preto
4217969589;Marylou Gofforth;Branco
6468029252;Edward Goburn;Branco
1040723004;Friederike Scurry;Roxo
6144716327;Lodovico Campbell;Azul
6637152501;Oby Clutterbuck;Azul
0719546400;Willy Askin;Amarelo
1787402452;Tybi Betancourt;Branco
8830280747;Berta Denyagin;Azul
8841493755;Ulrikaumeko Slaney;Preto
6590699828;Germaine Lars;Preto
0023053534;Fannie Anersen;Vermelho
2723496090;Ame Fitzpatrick;Verde
0354113321;Barbara Roland;Rosa
0048383422;Clemens Manus;Azul
4818164186;Ardelle Wahncke;Amarelo
4361989044;Lucas Spurrior;Roxo
8357131425;Freemon Blanpein;Roxo
7038031023;Brandy Aris;Roxo
3461240532;Kailey Bridgens;Branco
0677949944;Veronique Tomczykiewicz;Azul
9237257651;Leonelle Brocket;Branco
1653149027;Hewett Semrad;Azul
2853878066;Rozanna Edinburgh;Vermelho
7920882397;Ferris Brundall;Preto
7548678398;Odie Rollins;Verde
8340991078;Margarethe Dummer;Preto
0883249774;Maryl Matoshin;Azul
5075373992;Cordell Kaas;Branco
5153746976;Pooh Leer;Verde
3123248992;Edythe Woolmington;Rosa
6266887487;Jakie Bramah;Amarelo
9746909630;Candie Cino;Verde
5438212430;Marci Temperton;Preto
7092571731;Rianon Bartels-Ellis;Branco
3287445960;Nikolaos Avo;Roxo
2871647585;Kippar Curgenven;Branco
9470371275;Sadie Adlington;Rosa
5271143600;Cesaro Ewbanks;Verde
5134553696;Jany Hanscome;Preto
1350369748;Kipp Winwood;Vermelho
4717333551;Darell Whimp;Branco
2289829927;Amalita Bims;Verde
3253026256;Verna Zaczek;Azul
3726064133;Alexio Frany;Roxo
2973775396;Seward Dews;Branco
3017714276;Bayard Shave;Rosa
3688038770;Cornie Martusewicz;Preto
5856291654;Katti Itscovitz;Amarelo
2102073750;Guntar Kernermann;Azul
9853516144;Jessamyn Heyns;Azul
4106312077;Karyn Studman;Azul
3286638331;Benedikt MacLennan;Rosa
8735580364;Jermain Mayberry;Roxo
3542924121;Rancell McFarlan;Vermelho
3886273717;Giffard Millgate;Azul
5006482079;Charmian O'Kinneally;Vermelho
5714093844;Anatollo Maleham;Preto
8563488589;Nikaniki Tacon;Amarelo
8777508777;Sileas Hanmore;Amarelo
9277752084;Daron Draisey;Azul
1461458471;Woodrow Logsdail;Azul
9573944286;Hamlin Chsteney;Vermelho
3796776337;Selby Prestie;Azul
2387037359;Niel Rabjohn;Vermelho
4470950629;Claude Ketley;Azul
4246175455;Cal Lynnett;Branco
9791256764;Angie Fazakerley;Preto
8886995695;Brita Vescovini;Amarelo
9216556161;Pacorro Disbrow;Verde
8249832922;Cybill Hall-Gough;Preto
3312181062;Jeniece Scatchar;Preto
6357504718;Maureene Leimster;Branco
2726142451;Noni Tapin;Amarelo
4798114979;Carla Wedgbrow;Roxo
8655613231;Allayne Reimers;Roxo
7127562261;Ralf Sellstrom;Branco
4440551521;Mabel Rebillard;Azul
0964198142;Warren Newlands;Azul
1586866958;Joellen Robbings;Branco
2871873372;Devin Peffer;Roxo
0461621401;Alanna Vizard;Preto
7706815277;Dalton Benedito;Roxo
4680732229;Wenda Challener;Verde
9317908780;Gilbert Baffin;Preto
7318466488;Ansel Petkov;Verde
4956283326;Anastassia Derges;Amarelo
1655187309;Lesya Brockhouse;Azul
2209452198;Jillane Voller;Branco
2935218280;Otes Bridle;Branco
5039089562;Shirleen Dunklee;Preto
7719284402;Vinson Cookney;Vermelho
4144254860;Ad Dawidman;Preto
1045489387;Drud Charlot;Azul
8721136149;Aaron Sacchetti;Roxo
7934205163;Allx Downey;Preto
7044400620;Mendel Wrench;Roxo
6130925743;Terrijo Works;Rosa
4472664291;Ingeberg Oxe;Rosa
1508271313;Dareen Zapata;Branco
2412710988;Sunshine Spinella;Vermelho
6079067706;Teodoro Luciani;Roxo
2498203893;Tilda Shadfourth;Roxo
3526048754;Christian Venturoli;Azul
6490946343;Mathias Hawksley;Roxo
6907971771;Electra Inchboard;Branco
9618652815;Ameline Shippard;Roxo
8331949161;Herrick Roller;Rosa
2434802192;Mallissa Longmate;Preto
7045219598;Tarrance Limon;Verde
5062644534;Jyoti Ceschi;Amarelo
8685395836;Lebbie Vallantine;Verde
9931703318;Rochester Colliard;Azul
2472355661;Buddy Tisun;Branco
4277691021;Paulie Edmans;Azul
2563397235;Cinnamon Arcase;Vermelho
5395777903;Roxane Stapele;Rosa
5953903456;Angelo Battram;Roxo
8437411300;Neill Cohani;Rosa
2759403696;Corrine Pomphrey;Branco
4123954618;Bruno Rusk;Vermelho
0256376395;Kriste Ingreda;Amarelo
4086957469;Anson Grundell;Rosa
9418726130;Hollie Shedd;Rosa
2474315993;Mandi Wilkins;Vermelho
8180435148;Bertine Fuke;Roxo
3927675598;King Gorham;Rosa
6358770845;Jacob Rizon;Vermelho
1636647065;Elwira Attfield;Rosa
4767113598;Gerry Lauks;Azul
9734668951;Zulema Perutto;Roxo
0736008888;Felizio Nisius;Azul
2808843984;Geoffrey Beaze;Verde
0683804820;Jobi Cabotto;Branco
5117719824;Claudetta Bogace;Preto
3997981302;Toby Trimby;Verde
9342047262;Say Zettler;Vermelho
4880873993;Bryana Goodey;Verde
5949275411;Suzette Dabell;Rosa
3360765974;Nate Rains;Amarelo
4796468803;Gallagher Arangy;Preto
8292632166;Liana Holehouse;Verde
3445825297;Lemmy Webben;Roxo
6438308501;Lauritz Wainscot;Rosa
2557291102;Mateo O'Kuddyhy;Verde
1232582530;Carleton Bemment;Azul
6195150274;Bradly Goldson;Preto
2061114644;Megan Cundict;Branco
2663066257;Gaspard Yoslowitz;Vermelho
1913610020;Maurise Huffey;Vermelho
5607821277;Henka Deuss;Azul
3757590953;Cyndia Matfin;Rosa
7950200235;Selina Bakewell;Vermelho
9149847015;Klemens Albrook;Roxo
9324820451;Sapphire Clail;Branco
8560647155;Sher Buney;Rosa
6967841378;Calhoun Scamerden;Rosa
0234073888;Tabbitha Toffolini;Verde
6489777436;Irv Virgin;Verde
4616979138;Junia Blumire;Roxo
5149349682;Muriel Deniske;Vermelho
2679533135;Hadria Ryrie;Verde
3146758466;Kissiah MacMichael;Azul
4323762712;Gillie Stockow;Verde
6103085543;Emelia Domoney;Azul
5043134631;Emerson Ygoe;Vermelho
1601556446;Jeri Fordy;Preto
2926087969;Sisile Aasaf;Branco
9722896121;Josy Magee;Vermelho
3941857487;Jackelyn Jillard;Azul
1902183657;Ania Sibborn;Rosa
9309450932;Winfred Kunkler;Amarelo
7407108811;Neal Gerasch;Amarelo
1383540403;Lebbie Giamo;Rosa
7420510148;Kial Morant;Verde
4670949209;Alex Horry;Azul
6396220156;Vito Tuma;Rosa
7937725303;Dayna Liptrot;Verde
6716099662;Enriqueta Dixey;Rosa
5667770938;Ave Getsham;Verde
3094043577;Merrill Franchyonok;Roxo
2509112880;Oates Dolder;Branco
0399578056;Thayne Stainson;Rosa
4486837096;Ulrick Heersma;Vermelho
1998631257;Emlyn Chalfont;Roxo
6388126650;Robinett Roebuck;Branco
9476119306;Eleanore Rois;Verde
4613646243;Cynthy Clowney;Verde
8913208474;Averil Giraudou;Preto
6667021537;Caryn Fenelon;Amarelo
0943027578;Harlen Velte;Azul
5163887270;Maurita Heighton;Vermelho
2673417214;Worth Danihel;Roxo
8559416331;Errol Storror;Roxo
4260450328;Ethelind Alfonsetto;Preto
1966632991;Nanon Glowacki;Verde
2116444527;Rozanne Gregolotti;Branco
9356005842;Em Lisamore;Azul
5053657750;Newton Eaken;Preto
8199816910;Waylin Scoone;Verde
3255996767;Lona Banville;Preto
2689207524;Gillian Ferrario;Azul
9145664544;Tracy Petersen;Azul
0163036373;Richy Lodeke;Branco
7339069216;Terrye McFadzean;Branco
5276065268;Pansy Chess;Roxo
3840461634;Rebeca Marston;Amarelo
3041910764;Beverie Everleigh;Vermelho
2852120909;Hugibert Saph;Azul
3579138197;Phylis Pouck;Roxo
7099170104;Mychal McColley;Vermelho
1305971205;Baillie Hanlin;Amarelo
5212915996;Marissa Sinclar;Rosa
9849922451;Culver Hightown;Verde
5628981214;Peadar Etridge;Branco
3701347077;Cindelyn Denley;Rosa
6182364688;Christian De Benedictis;Vermelho
8352306626;Marianne Roelvink;Vermelho
0302516131;Raquela Drillingcourt;Roxo
1188732374;Nehemiah Torbett;Vermelho
4208264101;Flora Sterley;Vermelho
9344603928;Aldus Stanworth;Branco
4042888372;Rebekkah Stanway;Verde
4662255600;Phineas Rzehorz;Amarelo
6868706197;Siegfried Ondrusek;Vermelho
5625937370;Fernande Joscelin;Verde
2029015105;Sven Henbury;Rosa
1593737475;Eran Ivanikhin;Vermelho
